WARNING: A restricted method in java.lang.System has been called
WARNING: java.lang.System::load has been called by org.apache.tomcat.jni.Library in an unnamed module (file:/C:/Users/mohit/.m2/repository/org/apache/tomcat/embed/tomcat-embed-core/10.1.1/tomcat-embed-core-10.1.1.jar)
WARNING: Use --enable-native-access=ALL-UNNAMED to avoid a warning for callers in this module
WARNING: Restricted methods will be blocked in a future release unless native access is enabled

Error initializing database: [SQLITE_IOERR_DELETE] I/O error within xDelete (disk I/O error)
org.sqlite.SQLiteException: [SQLITE_IOERR_DELETE] I/O error within xDelete (disk I/O error)
	at org.sqlite.core.DB.newSQLException(DB.java:1179)
	at org.sqlite.core.DB.newSQLException(DB.java:1190)
	at org.sqlite.core.DB.throwex(DB.java:1150)
	at org.sqlite.core.NativeDB.prepare_utf8(Native Method)
	at org.sqlite.core.NativeDB.prepare(NativeDB.java:126)
	at org.sqlite.core.DB.prepare(DB.java:264)
	at org.sqlite.jdbc3.JDBC3Statement.lambda$execute$0(JDBC3Statement.java:51)
	at org.sqlite.jdbc3.JDBC3Statement.withConnectionTimeout(JDBC3Statement.java:454)
	at org.sqlite.jdbc3.JDBC3Statement.execute(JDBC3Statement.java:40)
	at com.uniplanner.persistence.DatabaseManager.initializeDatabase(DatabaseManager.java:40)
	at com.uniplanner.persistence.DatabaseManager.<init>(DatabaseManager.java:19)
	at com.uniplanner.persistence.DatabaseManager.getInstance(DatabaseManager.java:27)
	at com.uniplanner.UniPlannerController.<init>(UniPlannerController.java:24)
	at com.uniplanner.api.ApiController.<clinit>(ApiController.java:44)
	at java.base/jdk.internal.misc.Unsafe.ensureClassInitialized0(Native Method)
	at java.base/jdk.internal.misc.Unsafe.ensureClassInitialized(Unsafe.java:1169)
	at java.base/jdk.internal.reflect.MethodHandleAccessorFactory.ensureClassInitialized(MethodHandleAccessorFactory.java:341)
	at java.base/jdk.internal.reflect.MethodHandleAccessorFactory.newConstructorAccessor(MethodHandleAccessorFactory.java:104)
	at java.base/jdk.internal.reflect.ReflectionFactory.newConstructorAccessor(ReflectionFactory.java:138)
	at java.base/java.lang.reflect.Constructor.acquireConstructorAccessor(Constructor.java:546)
	at java.base/java.lang.reflect.Constructor.newInstanceWithCaller(Constructor.java:496)
	at java.base/java.lang.reflect.Constructor.newInstance(Constructor.java:483)
	at org.springframework.beans.BeanUtils.instantiateClass(BeanUtils.java:197)
	at org.springframework.beans.factory.support.SimpleInstantiationStrategy.instantiate(SimpleInstantiationStrategy.java:87)
	at org.springframework.beans.factory.support.AbstractAutowireCapableBeanFactory.instantiateBean(AbstractAutowireCapableBeanFactory.java:1300)
	at org.springframework.beans.factory.support.AbstractAutowireCapableBeanFactory.createBeanInstance(AbstractAutowireCapableBeanFactory.java:1198)
	at org.springframework.beans.factory.support.AbstractAutowireCapableBeanFactory.doCreateBean(AbstractAutowireCapableBeanFactory.java:561)
	at org.springframework.beans.factory.support.AbstractAutowireCapableBeanFactory.createBean(AbstractAutowireCapableBeanFactory.java:521)
	at org.springframework.beans.factory.support.AbstractBeanFactory.lambda$doGetBean$0(AbstractBeanFactory.java:326)
	at org.springframework.beans.factory.support.DefaultSingletonBeanRegistry.getSingleton(DefaultSingletonBeanRegistry.java:234)
	at org.springframework.beans.factory.support.AbstractBeanFactory.doGetBean(AbstractBeanFactory.java:324)
	at org.springframework.beans.factory.support.AbstractBeanFactory.getBean(AbstractBeanFactory.java:200)
	at org.springframework.beans.factory.support.DefaultListableBeanFactory.preInstantiateSingletons(DefaultListableBeanFactory.java:961)
	at org.springframework.context.support.AbstractApplicationContext.finishBeanFactoryInitialization(AbstractApplicationContext.java:915)
	at org.springframework.context.support.AbstractApplicationContext.refresh(AbstractApplicationContext.java:584)
	at org.springframework.boot.web.servlet.context.ServletWebServerApplicationContext.refresh(ServletWebServerApplicationContext.java:146)
	at org.springframework.boot.SpringApplication.refresh(SpringApplication.java:730)
	at org.springframework.boot.SpringApplication.refreshContext(SpringApplication.java:432)
	at org.springframework.boot.SpringApplication.run(SpringApplication.java:308)
	at org.springframework.boot.SpringApplication.run(SpringApplication.java:1302)
	at org.springframework.boot.SpringApplication.run(SpringApplication.java:1291)
	at com.uniplanner.Main.main(Main.java:13)
Error retrieving faculties: [SQLITE_IOERR_DELETE] I/O error within xDelete (disk I/O error)
org.sqlite.SQLiteException: [SQLITE_IOERR_DELETE] I/O error within xDelete (disk I/O error)
	at org.sqlite.core.DB.newSQLException(DB.java:1179)
	at org.sqlite.core.DB.newSQLException(DB.java:1190)
	at org.sqlite.core.DB.throwex(DB.java:1150)
	at org.sqlite.core.NativeDB.prepare_utf8(Native Method)
	at org.sqlite.core.NativeDB.prepare(NativeDB.java:126)
	at org.sqlite.core.DB.prepare(DB.java:264)
	at org.sqlite.jdbc3.JDBC3Statement.lambda$executeQuery$1(JDBC3Statement.java:81)
	at org.sqlite.jdbc3.JDBC3Statement.withConnectionTimeout(JDBC3Statement.java:454)
	at org.sqlite.jdbc3.JDBC3Statement.executeQuery(JDBC3Statement.java:79)
	at com.uniplanner.persistence.DatabaseManager.getAllFaculties(DatabaseManager.java:212)
	at com.uniplanner.UniPlannerController.loadDataFromDatabase(UniPlannerController.java:40)
	at com.uniplanner.UniPlannerController.<init>(UniPlannerController.java:32)
	at com.uniplanner.api.ApiController.<clinit>(ApiController.java:44)
	at java.base/jdk.internal.misc.Unsafe.ensureClassInitialized0(Native Method)
	at java.base/jdk.internal.misc.Unsafe.ensureClassInitialized(Unsafe.java:1169)
	at java.base/jdk.internal.reflect.MethodHandleAccessorFactory.ensureClassInitialized(MethodHandleAccessorFactory.java:341)
	at java.base/jdk.internal.reflect.MethodHandleAccessorFactory.newConstructorAccessor(MethodHandleAccessorFactory.java:104)
	at java.base/jdk.internal.reflect.ReflectionFactory.newConstructorAccessor(ReflectionFactory.java:138)
	at java.base/java.lang.reflect.Constructor.acquireConstructorAccessor(Constructor.java:546)
	at java.base/java.lang.reflect.Constructor.newInstanceWithCaller(Constructor.java:496)
	at java.base/java.lang.reflect.Constructor.newInstance(Constructor.java:483)
	at org.springframework.beans.BeanUtils.instantiateClass(BeanUtils.java:197)
	at org.springframework.beans.factory.support.SimpleInstantiationStrategy.instantiate(SimpleInstantiationStrategy.java:87)
	at org.springframework.beans.factory.support.AbstractAutowireCapableBeanFactory.instantiateBean(AbstractAutowireCapableBeanFactory.java:1300)
	at org.springframework.beans.factory.support.AbstractAutowireCapableBeanFactory.createBeanInstance(AbstractAutowireCapableBeanFactory.java:1198)
	at org.springframework.beans.factory.support.AbstractAutowireCapableBeanFactory.doCreateBean(AbstractAutowireCapableBeanFactory.java:561)
	at org.springframework.beans.factory.support.AbstractAutowireCapableBeanFactory.createBean(AbstractAutowireCapableBeanFactory.java:521)
	at org.springframework.beans.factory.support.AbstractBeanFactory.lambda$doGetBean$0(AbstractBeanFactory.java:326)
	at org.springframework.beans.factory.support.DefaultSingletonBeanRegistry.getSingleton(DefaultSingletonBeanRegistry.java:234)
	at org.springframework.beans.factory.support.AbstractBeanFactory.doGetBean(AbstractBeanFactory.java:324)
	at org.springframework.beans.factory.support.AbstractBeanFactory.getBean(AbstractBeanFactory.java:200)
	at org.springframework.beans.factory.support.DefaultListableBeanFactory.preInstantiateSingletons(DefaultListableBeanFactory.java:961)
	at org.springframework.context.support.AbstractApplicationContext.finishBeanFactoryInitialization(AbstractApplicationContext.java:915)
	at org.springframework.context.support.AbstractApplicationContext.refresh(AbstractApplicationContext.java:584)
	at org.springframework.boot.web.servlet.context.ServletWebServerApplicationContext.refresh(ServletWebServerApplicationContext.java:146)
	at org.springframework.boot.SpringApplication.refresh(SpringApplication.java:730)
	at org.springframework.boot.SpringApplication.refreshContext(SpringApplication.java:432)
	at org.springframework.boot.SpringApplication.run(SpringApplication.java:308)
	at org.springframework.boot.SpringApplication.run(SpringApplication.java:1302)
	at org.springframework.boot.SpringApplication.run(SpringApplication.java:1291)
	at com.uniplanner.Main.main(Main.java:13)
Error retrieving subjects: [SQLITE_IOERR_DELETE] I/O error within xDelete (disk I/O error)
org.sqlite.SQLiteException: [SQLITE_IOERR_DELETE] I/O error within xDelete (disk I/O error)
	at org.sqlite.core.DB.newSQLException(DB.java:1179)
	at org.sqlite.core.DB.newSQLException(DB.java:1190)
	at org.sqlite.core.DB.throwex(DB.java:1150)
	at org.sqlite.core.NativeDB.prepare_utf8(Native Method)
	at org.sqlite.core.NativeDB.prepare(NativeDB.java:126)
	at org.sqlite.core.DB.prepare(DB.java:264)
	at org.sqlite.jdbc3.JDBC3Statement.lambda$executeQuery$1(JDBC3Statement.java:81)
	at org.sqlite.jdbc3.JDBC3Statement.withConnectionTimeout(JDBC3Statement.java:454)
	at org.sqlite.jdbc3.JDBC3Statement.executeQuery(JDBC3Statement.java:79)
	at com.uniplanner.persistence.DatabaseManager.getAllSubjects(DatabaseManager.java:342)
	at com.uniplanner.UniPlannerController.loadDataFromDatabase(UniPlannerController.java:41)
	at com.uniplanner.UniPlannerController.<init>(UniPlannerController.java:32)
	at com.uniplanner.api.ApiController.<clinit>(ApiController.java:44)
	at java.base/jdk.internal.misc.Unsafe.ensureClassInitialized0(Native Method)
	at java.base/jdk.internal.misc.Unsafe.ensureClassInitialized(Unsafe.java:1169)
	at java.base/jdk.internal.reflect.MethodHandleAccessorFactory.ensureClassInitialized(MethodHandleAccessorFactory.java:341)
	at java.base/jdk.internal.reflect.MethodHandleAccessorFactory.newConstructorAccessor(MethodHandleAccessorFactory.java:104)
	at java.base/jdk.internal.reflect.ReflectionFactory.newConstructorAccessor(ReflectionFactory.java:138)
	at java.base/java.lang.reflect.Constructor.acquireConstructorAccessor(Constructor.java:546)
	at java.base/java.lang.reflect.Constructor.newInstanceWithCaller(Constructor.java:496)
	at java.base/java.lang.reflect.Constructor.newInstance(Constructor.java:483)
	at org.springframework.beans.BeanUtils.instantiateClass(BeanUtils.java:197)
	at org.springframework.beans.factory.support.SimpleInstantiationStrategy.instantiate(SimpleInstantiationStrategy.java:87)
	at org.springframework.beans.factory.support.AbstractAutowireCapableBeanFactory.instantiateBean(AbstractAutowireCapableBeanFactory.java:1300)
	at org.springframework.beans.factory.support.AbstractAutowireCapableBeanFactory.createBeanInstance(AbstractAutowireCapableBeanFactory.java:1198)
	at org.springframework.beans.factory.support.AbstractAutowireCapableBeanFactory.doCreateBean(AbstractAutowireCapableBeanFactory.java:561)
	at org.springframework.beans.factory.support.AbstractAutowireCapableBeanFactory.createBean(AbstractAutowireCapableBeanFactory.java:521)
	at org.springframework.beans.factory.support.AbstractBeanFactory.lambda$doGetBean$0(AbstractBeanFactory.java:326)
	at org.springframework.beans.factory.support.DefaultSingletonBeanRegistry.getSingleton(DefaultSingletonBeanRegistry.java:234)
	at org.springframework.beans.factory.support.AbstractBeanFactory.doGetBean(AbstractBeanFactory.java:324)
	at org.springframework.beans.factory.support.AbstractBeanFactory.getBean(AbstractBeanFactory.java:200)
	at org.springframework.beans.factory.support.DefaultListableBeanFactory.preInstantiateSingletons(DefaultListableBeanFactory.java:961)
	at org.springframework.context.support.AbstractApplicationContext.finishBeanFactoryInitialization(AbstractApplicationContext.java:915)
	at org.springframework.context.support.AbstractApplicationContext.refresh(AbstractApplicationContext.java:584)
	at org.springframework.boot.web.servlet.context.ServletWebServerApplicationContext.refresh(ServletWebServerApplicationContext.java:146)
	at org.springframework.boot.SpringApplication.refresh(SpringApplication.java:730)
	at org.springframework.boot.SpringApplication.refreshContext(SpringApplication.java:432)
	at org.springframework.boot.SpringApplication.run(SpringApplication.java:308)
	at org.springframework.boot.SpringApplication.run(SpringApplication.java:1302)
	at org.springframework.boot.SpringApplication.run(SpringApplication.java:1291)
	at com.uniplanner.Main.main(Main.java:13)
Error retrieving sections: [SQLITE_IOERR_DELETE] I/O error within xDelete (disk I/O error)
org.sqlite.SQLiteException: [SQLITE_IOERR_DELETE] I/O error within xDelete (disk I/O error)
	at org.sqlite.core.DB.newSQLException(DB.java:1179)
	at org.sqlite.core.DB.newSQLException(DB.java:1190)
	at org.sqlite.core.DB.throwex(DB.java:1150)
	at org.sqlite.core.NativeDB.prepare_utf8(Native Method)
	at org.sqlite.core.NativeDB.prepare(NativeDB.java:126)
	at org.sqlite.core.DB.prepare(DB.java:264)
	at org.sqlite.jdbc3.JDBC3Statement.lambda$executeQuery$1(JDBC3Statement.java:81)
	at org.sqlite.jdbc3.JDBC3Statement.withConnectionTimeout(JDBC3Statement.java:454)
	at org.sqlite.jdbc3.JDBC3Statement.executeQuery(JDBC3Statement.java:79)
	at com.uniplanner.persistence.DatabaseManager.getAllSections(DatabaseManager.java:435)
	at com.uniplanner.UniPlannerController.loadDataFromDatabase(UniPlannerController.java:42)
	at com.uniplanner.UniPlannerController.<init>(UniPlannerController.java:32)
	at com.uniplanner.api.ApiController.<clinit>(ApiController.java:44)
	at java.base/jdk.internal.misc.Unsafe.ensureClassInitialized0(Native Method)
	at java.base/jdk.internal.misc.Unsafe.ensureClassInitialized(Unsafe.java:1169)
	at java.base/jdk.internal.reflect.MethodHandleAccessorFactory.ensureClassInitialized(MethodHandleAccessorFactory.java:341)
	at java.base/jdk.internal.reflect.MethodHandleAccessorFactory.newConstructorAccessor(MethodHandleAccessorFactory.java:104)
	at java.base/jdk.internal.reflect.ReflectionFactory.newConstructorAccessor(ReflectionFactory.java:138)
	at java.base/java.lang.reflect.Constructor.acquireConstructorAccessor(Constructor.java:546)
	at java.base/java.lang.reflect.Constructor.newInstanceWithCaller(Constructor.java:496)
	at java.base/java.lang.reflect.Constructor.newInstance(Constructor.java:483)
	at org.springframework.beans.BeanUtils.instantiateClass(BeanUtils.java:197)
	at org.springframework.beans.factory.support.SimpleInstantiationStrategy.instantiate(SimpleInstantiationStrategy.java:87)
	at org.springframework.beans.factory.support.AbstractAutowireCapableBeanFactory.instantiateBean(AbstractAutowireCapableBeanFactory.java:1300)
	at org.springframework.beans.factory.support.AbstractAutowireCapableBeanFactory.createBeanInstance(AbstractAutowireCapableBeanFactory.java:1198)
	at org.springframework.beans.factory.support.AbstractAutowireCapableBeanFactory.doCreateBean(AbstractAutowireCapableBeanFactory.java:561)
	at org.springframework.beans.factory.support.AbstractAutowireCapableBeanFactory.createBean(AbstractAutowireCapableBeanFactory.java:521)
	at org.springframework.beans.factory.support.AbstractBeanFactory.lambda$doGetBean$0(AbstractBeanFactory.java:326)
	at org.springframework.beans.factory.support.DefaultSingletonBeanRegistry.getSingleton(DefaultSingletonBeanRegistry.java:234)
	at org.springframework.beans.factory.support.AbstractBeanFactory.doGetBean(AbstractBeanFactory.java:324)
	at org.springframework.beans.factory.support.AbstractBeanFactory.getBean(AbstractBeanFactory.java:200)
	at org.springframework.beans.factory.support.DefaultListableBeanFactory.preInstantiateSingletons(DefaultListableBeanFactory.java:961)
	at org.springframework.context.support.AbstractApplicationContext.finishBeanFactoryInitialization(AbstractApplicationContext.java:915)
	at org.springframework.context.support.AbstractApplicationContext.refresh(AbstractApplicationContext.java:584)
	at org.springframework.boot.web.servlet.context.ServletWebServerApplicationContext.refresh(ServletWebServerApplicationContext.java:146)
	at org.springframework.boot.SpringApplication.refresh(SpringApplication.java:730)
	at org.springframework.boot.SpringApplication.refreshContext(SpringApplication.java:432)
	at org.springframework.boot.SpringApplication.run(SpringApplication.java:308)
	at org.springframework.boot.SpringApplication.run(SpringApplication.java:1302)
	at org.springframework.boot.SpringApplication.run(SpringApplication.java:1291)
	at com.uniplanner.Main.main(Main.java:13)
Error retrieving spaces: [SQLITE_IOERR_DELETE] I/O error within xDelete (disk I/O error)
org.sqlite.SQLiteException: [SQLITE_IOERR_DELETE] I/O error within xDelete (disk I/O error)
	at org.sqlite.core.DB.newSQLException(DB.java:1179)
	at org.sqlite.core.DB.newSQLException(DB.java:1190)
	at org.sqlite.core.DB.throwex(DB.java:1150)
	at org.sqlite.core.NativeDB.prepare_utf8(Native Method)
	at org.sqlite.core.NativeDB.prepare(NativeDB.java:126)
	at org.sqlite.core.DB.prepare(DB.java:264)
	at org.sqlite.jdbc3.JDBC3Statement.lambda$executeQuery$1(JDBC3Statement.java:81)
	at org.sqlite.jdbc3.JDBC3Statement.withConnectionTimeout(JDBC3Statement.java:454)
	at org.sqlite.jdbc3.JDBC3Statement.executeQuery(JDBC3Statement.java:79)
	at com.uniplanner.persistence.DatabaseManager.getAllSpaces(DatabaseManager.java:521)
	at com.uniplanner.UniPlannerController.loadDataFromDatabase(UniPlannerController.java:43)
	at com.uniplanner.UniPlannerController.<init>(UniPlannerController.java:32)
	at com.uniplanner.api.ApiController.<clinit>(ApiController.java:44)
	at java.base/jdk.internal.misc.Unsafe.ensureClassInitialized0(Native Method)
	at java.base/jdk.internal.misc.Unsafe.ensureClassInitialized(Unsafe.java:1169)
	at java.base/jdk.internal.reflect.MethodHandleAccessorFactory.ensureClassInitialized(MethodHandleAccessorFactory.java:341)
	at java.base/jdk.internal.reflect.MethodHandleAccessorFactory.newConstructorAccessor(MethodHandleAccessorFactory.java:104)
	at java.base/jdk.internal.reflect.ReflectionFactory.newConstructorAccessor(ReflectionFactory.java:138)
	at java.base/java.lang.reflect.Constructor.acquireConstructorAccessor(Constructor.java:546)
	at java.base/java.lang.reflect.Constructor.newInstanceWithCaller(Constructor.java:496)
	at java.base/java.lang.reflect.Constructor.newInstance(Constructor.java:483)
	at org.springframework.beans.BeanUtils.instantiateClass(BeanUtils.java:197)
	at org.springframework.beans.factory.support.SimpleInstantiationStrategy.instantiate(SimpleInstantiationStrategy.java:87)
	at org.springframework.beans.factory.support.AbstractAutowireCapableBeanFactory.instantiateBean(AbstractAutowireCapableBeanFactory.java:1300)
	at org.springframework.beans.factory.support.AbstractAutowireCapableBeanFactory.createBeanInstance(AbstractAutowireCapableBeanFactory.java:1198)
	at org.springframework.beans.factory.support.AbstractAutowireCapableBeanFactory.doCreateBean(AbstractAutowireCapableBeanFactory.java:561)
	at org.springframework.beans.factory.support.AbstractAutowireCapableBeanFactory.createBean(AbstractAutowireCapableBeanFactory.java:521)
	at org.springframework.beans.factory.support.AbstractBeanFactory.lambda$doGetBean$0(AbstractBeanFactory.java:326)
	at org.springframework.beans.factory.support.DefaultSingletonBeanRegistry.getSingleton(DefaultSingletonBeanRegistry.java:234)
	at org.springframework.beans.factory.support.AbstractBeanFactory.doGetBean(AbstractBeanFactory.java:324)
	at org.springframework.beans.factory.support.AbstractBeanFactory.getBean(AbstractBeanFactory.java:200)
	at org.springframework.beans.factory.support.DefaultListableBeanFactory.preInstantiateSingletons(DefaultListableBeanFactory.java:961)
	at org.springframework.context.support.AbstractApplicationContext.finishBeanFactoryInitialization(AbstractApplicationContext.java:915)
	at org.springframework.context.support.AbstractApplicationContext.refresh(AbstractApplicationContext.java:584)
	at org.springframework.boot.web.servlet.context.ServletWebServerApplicationContext.refresh(ServletWebServerApplicationContext.java:146)
	at org.springframework.boot.SpringApplication.refresh(SpringApplication.java:730)
	at org.springframework.boot.SpringApplication.refreshContext(SpringApplication.java:432)
	at org.springframework.boot.SpringApplication.run(SpringApplication.java:308)
	at org.springframework.boot.SpringApplication.run(SpringApplication.java:1302)
	at org.springframework.boot.SpringApplication.run(SpringApplication.java:1291)
	at com.uniplanner.Main.main(Main.java:13)
Error retrieving time slots: [SQLITE_IOERR_DELETE] I/O error within xDelete (disk I/O error)
org.sqlite.SQLiteException: [SQLITE_IOERR_DELETE] I/O error within xDelete (disk I/O error)
	at org.sqlite.core.DB.newSQLException(DB.java:1179)
	at org.sqlite.core.DB.newSQLException(DB.java:1190)
	at org.sqlite.core.DB.throwex(DB.java:1150)
	at org.sqlite.core.NativeDB.prepare_utf8(Native Method)
	at org.sqlite.core.NativeDB.prepare(NativeDB.java:126)
	at org.sqlite.core.DB.prepare(DB.java:264)
	at org.sqlite.jdbc3.JDBC3Statement.lambda$executeQuery$1(JDBC3Statement.java:81)
	at org.sqlite.jdbc3.JDBC3Statement.withConnectionTimeout(JDBC3Statement.java:454)
	at org.sqlite.jdbc3.JDBC3Statement.executeQuery(JDBC3Statement.java:79)
	at com.uniplanner.persistence.DatabaseManager.getAllTimeSlots(DatabaseManager.java:601)
	at com.uniplanner.UniPlannerController.loadDataFromDatabase(UniPlannerController.java:44)
	at com.uniplanner.UniPlannerController.<init>(UniPlannerController.java:32)
	at com.uniplanner.api.ApiController.<clinit>(ApiController.java:44)
	at java.base/jdk.internal.misc.Unsafe.ensureClassInitialized0(Native Method)
	at java.base/jdk.internal.misc.Unsafe.ensureClassInitialized(Unsafe.java:1169)
	at java.base/jdk.internal.reflect.MethodHandleAccessorFactory.ensureClassInitialized(MethodHandleAccessorFactory.java:341)
	at java.base/jdk.internal.reflect.MethodHandleAccessorFactory.newConstructorAccessor(MethodHandleAccessorFactory.java:104)
	at java.base/jdk.internal.reflect.ReflectionFactory.newConstructorAccessor(ReflectionFactory.java:138)
	at java.base/java.lang.reflect.Constructor.acquireConstructorAccessor(Constructor.java:546)
	at java.base/java.lang.reflect.Constructor.newInstanceWithCaller(Constructor.java:496)
	at java.base/java.lang.reflect.Constructor.newInstance(Constructor.java:483)
	at org.springframework.beans.BeanUtils.instantiateClass(BeanUtils.java:197)
	at org.springframework.beans.factory.support.SimpleInstantiationStrategy.instantiate(SimpleInstantiationStrategy.java:87)
	at org.springframework.beans.factory.support.AbstractAutowireCapableBeanFactory.instantiateBean(AbstractAutowireCapableBeanFactory.java:1300)
	at org.springframework.beans.factory.support.AbstractAutowireCapableBeanFactory.createBeanInstance(AbstractAutowireCapableBeanFactory.java:1198)
	at org.springframework.beans.factory.support.AbstractAutowireCapableBeanFactory.doCreateBean(AbstractAutowireCapableBeanFactory.java:561)
	at org.springframework.beans.factory.support.AbstractAutowireCapableBeanFactory.createBean(AbstractAutowireCapableBeanFactory.java:521)
	at org.springframework.beans.factory.support.AbstractBeanFactory.lambda$doGetBean$0(AbstractBeanFactory.java:326)
	at org.springframework.beans.factory.support.DefaultSingletonBeanRegistry.getSingleton(DefaultSingletonBeanRegistry.java:234)
	at org.springframework.beans.factory.support.AbstractBeanFactory.doGetBean(AbstractBeanFactory.java:324)
	at org.springframework.beans.factory.support.AbstractBeanFactory.getBean(AbstractBeanFactory.java:200)
	at org.springframework.beans.factory.support.DefaultListableBeanFactory.preInstantiateSingletons(DefaultListableBeanFactory.java:961)
	at org.springframework.context.support.AbstractApplicationContext.finishBeanFactoryInitialization(AbstractApplicationContext.java:915)
	at org.springframework.context.support.AbstractApplicationContext.refresh(AbstractApplicationContext.java:584)
	at org.springframework.boot.web.servlet.context.ServletWebServerApplicationContext.refresh(ServletWebServerApplicationContext.java:146)
	at org.springframework.boot.SpringApplication.refresh(SpringApplication.java:730)
	at org.springframework.boot.SpringApplication.refreshContext(SpringApplication.java:432)
	at org.springframework.boot.SpringApplication.run(SpringApplication.java:308)
	at org.springframework.boot.SpringApplication.run(SpringApplication.java:1302)
	at org.springframework.boot.SpringApplication.run(SpringApplication.java:1291)
	at com.uniplanner.Main.main(Main.java:13)
Error saving time slot: [SQLITE_IOERR_DELETE] I/O error within xDelete (disk I/O error)
org.sqlite.SQLiteException: [SQLITE_IOERR_DELETE] I/O error within xDelete (disk I/O error)
	at org.sqlite.core.DB.newSQLException(DB.java:1179)
	at org.sqlite.core.DB.newSQLException(DB.java:1190)
	at org.sqlite.core.DB.throwex(DB.java:1150)
	at org.sqlite.core.NativeDB.prepare_utf8(Native Method)
	at org.sqlite.core.NativeDB.prepare(NativeDB.java:126)
	at org.sqlite.core.DB.prepare(DB.java:264)
	at org.sqlite.core.CorePreparedStatement.<init>(CorePreparedStatement.java:46)
	at org.sqlite.jdbc3.JDBC3PreparedStatement.<init>(JDBC3PreparedStatement.java:31)
	at org.sqlite.jdbc4.JDBC4PreparedStatement.<init>(JDBC4PreparedStatement.java:25)
	at org.sqlite.jdbc4.JDBC4Connection.prepareStatement(JDBC4Connection.java:34)
	at org.sqlite.jdbc3.JDBC3Connection.prepareStatement(JDBC3Connection.java:226)
	at org.sqlite.jdbc3.JDBC3Connection.prepareStatement(JDBC3Connection.java:206)
	at com.uniplanner.persistence.DatabaseManager.saveTimeSlot(DatabaseManager.java:575)
	at com.uniplanner.UniPlannerController.initializeDefaultTimeSlots(UniPlannerController.java:69)
	at com.uniplanner.UniPlannerController.<init>(UniPlannerController.java:33)
	at com.uniplanner.api.ApiController.<clinit>(ApiController.java:44)
	at java.base/jdk.internal.misc.Unsafe.ensureClassInitialized0(Native Method)
	at java.base/jdk.internal.misc.Unsafe.ensureClassInitialized(Unsafe.java:1169)
	at java.base/jdk.internal.reflect.MethodHandleAccessorFactory.ensureClassInitialized(MethodHandleAccessorFactory.java:341)
	at java.base/jdk.internal.reflect.MethodHandleAccessorFactory.newConstructorAccessor(MethodHandleAccessorFactory.java:104)
	at java.base/jdk.internal.reflect.ReflectionFactory.newConstructorAccessor(ReflectionFactory.java:138)
	at java.base/java.lang.reflect.Constructor.acquireConstructorAccessor(Constructor.java:546)
	at java.base/java.lang.reflect.Constructor.newInstanceWithCaller(Constructor.java:496)
	at java.base/java.lang.reflect.Constructor.newInstance(Constructor.java:483)
	at org.springframework.beans.BeanUtils.instantiateClass(BeanUtils.java:197)
	at org.springframework.beans.factory.support.SimpleInstantiationStrategy.instantiate(SimpleInstantiationStrategy.java:87)
	at org.springframework.beans.factory.support.AbstractAutowireCapableBeanFactory.instantiateBean(AbstractAutowireCapableBeanFactory.java:1300)
	at org.springframework.beans.factory.support.AbstractAutowireCapableBeanFactory.createBeanInstance(AbstractAutowireCapableBeanFactory.java:1198)
	at org.springframework.beans.factory.support.AbstractAutowireCapableBeanFactory.doCreateBean(AbstractAutowireCapableBeanFactory.java:561)
	at org.springframework.beans.factory.support.AbstractAutowireCapableBeanFactory.createBean(AbstractAutowireCapableBeanFactory.java:521)
	at org.springframework.beans.factory.support.AbstractBeanFactory.lambda$doGetBean$0(AbstractBeanFactory.java:326)
	at org.springframework.beans.factory.support.DefaultSingletonBeanRegistry.getSingleton(DefaultSingletonBeanRegistry.java:234)
	at org.springframework.beans.factory.support.AbstractBeanFactory.doGetBean(AbstractBeanFactory.java:324)
	at org.springframework.beans.factory.support.AbstractBeanFactory.getBean(AbstractBeanFactory.java:200)
	at org.springframework.beans.factory.support.DefaultListableBeanFactory.preInstantiateSingletons(DefaultListableBeanFactory.java:961)
	at org.springframework.context.support.AbstractApplicationContext.finishBeanFactoryInitialization(AbstractApplicationContext.java:915)
	at org.springframework.context.support.AbstractApplicationContext.refresh(AbstractApplicationContext.java:584)
	at org.springframework.boot.web.servlet.context.ServletWebServerApplicationContext.refresh(ServletWebServerApplicationContext.java:146)
	at org.springframework.boot.SpringApplication.refresh(SpringApplication.java:730)
	at org.springframework.boot.SpringApplication.refreshContext(SpringApplication.java:432)
	at org.springframework.boot.SpringApplication.run(SpringApplication.java:308)
	at org.springframework.boot.SpringApplication.run(SpringApplication.java:1302)
	at org.springframework.boot.SpringApplication.run(SpringApplication.java:1291)
	at com.uniplanner.Main.main(Main.java:13)
Error saving time slot: [SQLITE_IOERR_DELETE] I/O error within xDelete (disk I/O error)
org.sqlite.SQLiteException: [SQLITE_IOERR_DELETE] I/O error within xDelete (disk I/O error)
	at org.sqlite.core.DB.newSQLException(DB.java:1179)
	at org.sqlite.core.DB.newSQLException(DB.java:1190)
	at org.sqlite.core.DB.throwex(DB.java:1150)
	at org.sqlite.core.NativeDB.prepare_utf8(Native Method)
	at org.sqlite.core.NativeDB.prepare(NativeDB.java:126)
	at org.sqlite.core.DB.prepare(DB.java:264)
	at org.sqlite.core.CorePreparedStatement.<init>(CorePreparedStatement.java:46)
	at org.sqlite.jdbc3.JDBC3PreparedStatement.<init>(JDBC3PreparedStatement.java:31)
	at org.sqlite.jdbc4.JDBC4PreparedStatement.<init>(JDBC4PreparedStatement.java:25)
	at org.sqlite.jdbc4.JDBC4Connection.prepareStatement(JDBC4Connection.java:34)
	at org.sqlite.jdbc3.JDBC3Connection.prepareStatement(JDBC3Connection.java:226)
	at org.sqlite.jdbc3.JDBC3Connection.prepareStatement(JDBC3Connection.java:206)
	at com.uniplanner.persistence.DatabaseManager.saveTimeSlot(DatabaseManager.java:575)
	at com.uniplanner.UniPlannerController.initializeDefaultTimeSlots(UniPlannerController.java:69)
	at com.uniplanner.UniPlannerController.<init>(UniPlannerController.java:33)
	at com.uniplanner.api.ApiController.<clinit>(ApiController.java:44)
	at java.base/jdk.internal.misc.Unsafe.ensureClassInitialized0(Native Method)
	at java.base/jdk.internal.misc.Unsafe.ensureClassInitialized(Unsafe.java:1169)
	at java.base/jdk.internal.reflect.MethodHandleAccessorFactory.ensureClassInitialized(MethodHandleAccessorFactory.java:341)
	at java.base/jdk.internal.reflect.MethodHandleAccessorFactory.newConstructorAccessor(MethodHandleAccessorFactory.java:104)
	at java.base/jdk.internal.reflect.ReflectionFactory.newConstructorAccessor(ReflectionFactory.java:138)
	at java.base/java.lang.reflect.Constructor.acquireConstructorAccessor(Constructor.java:546)
	at java.base/java.lang.reflect.Constructor.newInstanceWithCaller(Constructor.java:496)
	at java.base/java.lang.reflect.Constructor.newInstance(Constructor.java:483)
	at org.springframework.beans.BeanUtils.instantiateClass(BeanUtils.java:197)
	at org.springframework.beans.factory.support.SimpleInstantiationStrategy.instantiate(SimpleInstantiationStrategy.java:87)
	at org.springframework.beans.factory.support.AbstractAutowireCapableBeanFactory.instantiateBean(AbstractAutowireCapableBeanFactory.java:1300)
	at org.springframework.beans.factory.support.AbstractAutowireCapableBeanFactory.createBeanInstance(AbstractAutowireCapableBeanFactory.java:1198)
	at org.springframework.beans.factory.support.AbstractAutowireCapableBeanFactory.doCreateBean(AbstractAutowireCapableBeanFactory.java:561)
	at org.springframework.beans.factory.support.AbstractAutowireCapableBeanFactory.createBean(AbstractAutowireCapableBeanFactory.java:521)
	at org.springframework.beans.factory.support.AbstractBeanFactory.lambda$doGetBean$0(AbstractBeanFactory.java:326)
	at org.springframework.beans.factory.support.DefaultSingletonBeanRegistry.getSingleton(DefaultSingletonBeanRegistry.java:234)
	at org.springframework.beans.factory.support.AbstractBeanFactory.doGetBean(AbstractBeanFactory.java:324)
	at org.springframework.beans.factory.support.AbstractBeanFactory.getBean(AbstractBeanFactory.java:200)
	at org.springframework.beans.factory.support.DefaultListableBeanFactory.preInstantiateSingletons(DefaultListableBeanFactory.java:961)
	at org.springframework.context.support.AbstractApplicationContext.finishBeanFactoryInitialization(AbstractApplicationContext.java:915)
	at org.springframework.context.support.AbstractApplicationContext.refresh(AbstractApplicationContext.java:584)
	at org.springframework.boot.web.servlet.context.ServletWebServerApplicationContext.refresh(ServletWebServerApplicationContext.java:146)
	at org.springframework.boot.SpringApplication.refresh(SpringApplication.java:730)
	at org.springframework.boot.SpringApplication.refreshContext(SpringApplication.java:432)
	at org.springframework.boot.SpringApplication.run(SpringApplication.java:308)
	at org.springframework.boot.SpringApplication.run(SpringApplication.java:1302)
	at org.springframework.boot.SpringApplication.run(SpringApplication.java:1291)
	at com.uniplanner.Main.main(Main.java:13)
Error saving time slot: [SQLITE_IOERR_DELETE] I/O error within xDelete (disk I/O error)
org.sqlite.SQLiteException: [SQLITE_IOERR_DELETE] I/O error within xDelete (disk I/O error)
	at org.sqlite.core.DB.newSQLException(DB.java:1179)
	at org.sqlite.core.DB.newSQLException(DB.java:1190)
	at org.sqlite.core.DB.throwex(DB.java:1150)
	at org.sqlite.core.NativeDB.prepare_utf8(Native Method)
	at org.sqlite.core.NativeDB.prepare(NativeDB.java:126)
	at org.sqlite.core.DB.prepare(DB.java:264)
	at org.sqlite.core.CorePreparedStatement.<init>(CorePreparedStatement.java:46)
	at org.sqlite.jdbc3.JDBC3PreparedStatement.<init>(JDBC3PreparedStatement.java:31)
	at org.sqlite.jdbc4.JDBC4PreparedStatement.<init>(JDBC4PreparedStatement.java:25)
	at org.sqlite.jdbc4.JDBC4Connection.prepareStatement(JDBC4Connection.java:34)
	at org.sqlite.jdbc3.JDBC3Connection.prepareStatement(JDBC3Connection.java:226)
	at org.sqlite.jdbc3.JDBC3Connection.prepareStatement(JDBC3Connection.java:206)
	at com.uniplanner.persistence.DatabaseManager.saveTimeSlot(DatabaseManager.java:575)
	at com.uniplanner.UniPlannerController.initializeDefaultTimeSlots(UniPlannerController.java:69)
	at com.uniplanner.UniPlannerController.<init>(UniPlannerController.java:33)
	at com.uniplanner.api.ApiController.<clinit>(ApiController.java:44)
	at java.base/jdk.internal.misc.Unsafe.ensureClassInitialized0(Native Method)
	at java.base/jdk.internal.misc.Unsafe.ensureClassInitialized(Unsafe.java:1169)
	at java.base/jdk.internal.reflect.MethodHandleAccessorFactory.ensureClassInitialized(MethodHandleAccessorFactory.java:341)
	at java.base/jdk.internal.reflect.MethodHandleAccessorFactory.newConstructorAccessor(MethodHandleAccessorFactory.java:104)
	at java.base/jdk.internal.reflect.ReflectionFactory.newConstructorAccessor(ReflectionFactory.java:138)
	at java.base/java.lang.reflect.Constructor.acquireConstructorAccessor(Constructor.java:546)
	at java.base/java.lang.reflect.Constructor.newInstanceWithCaller(Constructor.java:496)
	at java.base/java.lang.reflect.Constructor.newInstance(Constructor.java:483)
	at org.springframework.beans.BeanUtils.instantiateClass(BeanUtils.java:197)
	at org.springframework.beans.factory.support.SimpleInstantiationStrategy.instantiate(SimpleInstantiationStrategy.java:87)
	at org.springframework.beans.factory.support.AbstractAutowireCapableBeanFactory.instantiateBean(AbstractAutowireCapableBeanFactory.java:1300)
	at org.springframework.beans.factory.support.AbstractAutowireCapableBeanFactory.createBeanInstance(AbstractAutowireCapableBeanFactory.java:1198)
	at org.springframework.beans.factory.support.AbstractAutowireCapableBeanFactory.doCreateBean(AbstractAutowireCapableBeanFactory.java:561)
	at org.springframework.beans.factory.support.AbstractAutowireCapableBeanFactory.createBean(AbstractAutowireCapableBeanFactory.java:521)
	at org.springframework.beans.factory.support.AbstractBeanFactory.lambda$doGetBean$0(AbstractBeanFactory.java:326)
	at org.springframework.beans.factory.support.DefaultSingletonBeanRegistry.getSingleton(DefaultSingletonBeanRegistry.java:234)
	at org.springframework.beans.factory.support.AbstractBeanFactory.doGetBean(AbstractBeanFactory.java:324)
	at org.springframework.beans.factory.support.AbstractBeanFactory.getBean(AbstractBeanFactory.java:200)
	at org.springframework.beans.factory.support.DefaultListableBeanFactory.preInstantiateSingletons(DefaultListableBeanFactory.java:961)
	at org.springframework.context.support.AbstractApplicationContext.finishBeanFactoryInitialization(AbstractApplicationContext.java:915)
	at org.springframework.context.support.AbstractApplicationContext.refresh(AbstractApplicationContext.java:584)
	at org.springframework.boot.web.servlet.context.ServletWebServerApplicationContext.refresh(ServletWebServerApplicationContext.java:146)
	at org.springframework.boot.SpringApplication.refresh(SpringApplication.java:730)
	at org.springframework.boot.SpringApplication.refreshContext(SpringApplication.java:432)
	at org.springframework.boot.SpringApplication.run(SpringApplication.java:308)
	at org.springframework.boot.SpringApplication.run(SpringApplication.java:1302)
	at org.springframework.boot.SpringApplication.run(SpringApplication.java:1291)
	at com.uniplanner.Main.main(Main.java:13)
Error saving time slot: [SQLITE_IOERR_DELETE] I/O error within xDelete (disk I/O error)
org.sqlite.SQLiteException: [SQLITE_IOERR_DELETE] I/O error within xDelete (disk I/O error)
	at org.sqlite.core.DB.newSQLException(DB.java:1179)
	at org.sqlite.core.DB.newSQLException(DB.java:1190)
	at org.sqlite.core.DB.throwex(DB.java:1150)
	at org.sqlite.core.NativeDB.prepare_utf8(Native Method)
	at org.sqlite.core.NativeDB.prepare(NativeDB.java:126)
	at org.sqlite.core.DB.prepare(DB.java:264)
	at org.sqlite.core.CorePreparedStatement.<init>(CorePreparedStatement.java:46)
	at org.sqlite.jdbc3.JDBC3PreparedStatement.<init>(JDBC3PreparedStatement.java:31)
	at org.sqlite.jdbc4.JDBC4PreparedStatement.<init>(JDBC4PreparedStatement.java:25)
	at org.sqlite.jdbc4.JDBC4Connection.prepareStatement(JDBC4Connection.java:34)
	at org.sqlite.jdbc3.JDBC3Connection.prepareStatement(JDBC3Connection.java:226)
	at org.sqlite.jdbc3.JDBC3Connection.prepareStatement(JDBC3Connection.java:206)
	at com.uniplanner.persistence.DatabaseManager.saveTimeSlot(DatabaseManager.java:575)
	at com.uniplanner.UniPlannerController.initializeDefaultTimeSlots(UniPlannerController.java:69)
	at com.uniplanner.UniPlannerController.<init>(UniPlannerController.java:33)
	at com.uniplanner.api.ApiController.<clinit>(ApiController.java:44)
	at java.base/jdk.internal.misc.Unsafe.ensureClassInitialized0(Native Method)
	at java.base/jdk.internal.misc.Unsafe.ensureClassInitialized(Unsafe.java:1169)
	at java.base/jdk.internal.reflect.MethodHandleAccessorFactory.ensureClassInitialized(MethodHandleAccessorFactory.java:341)
	at java.base/jdk.internal.reflect.MethodHandleAccessorFactory.newConstructorAccessor(MethodHandleAccessorFactory.java:104)
	at java.base/jdk.internal.reflect.ReflectionFactory.newConstructorAccessor(ReflectionFactory.java:138)
	at java.base/java.lang.reflect.Constructor.acquireConstructorAccessor(Constructor.java:546)
	at java.base/java.lang.reflect.Constructor.newInstanceWithCaller(Constructor.java:496)
	at java.base/java.lang.reflect.Constructor.newInstance(Constructor.java:483)
	at org.springframework.beans.BeanUtils.instantiateClass(BeanUtils.java:197)
	at org.springframework.beans.factory.support.SimpleInstantiationStrategy.instantiate(SimpleInstantiationStrategy.java:87)
	at org.springframework.beans.factory.support.AbstractAutowireCapableBeanFactory.instantiateBean(AbstractAutowireCapableBeanFactory.java:1300)
	at org.springframework.beans.factory.support.AbstractAutowireCapableBeanFactory.createBeanInstance(AbstractAutowireCapableBeanFactory.java:1198)
	at org.springframework.beans.factory.support.AbstractAutowireCapableBeanFactory.doCreateBean(AbstractAutowireCapableBeanFactory.java:561)
	at org.springframework.beans.factory.support.AbstractAutowireCapableBeanFactory.createBean(AbstractAutowireCapableBeanFactory.java:521)
	at org.springframework.beans.factory.support.AbstractBeanFactory.lambda$doGetBean$0(AbstractBeanFactory.java:326)
	at org.springframework.beans.factory.support.DefaultSingletonBeanRegistry.getSingleton(DefaultSingletonBeanRegistry.java:234)
	at org.springframework.beans.factory.support.AbstractBeanFactory.doGetBean(AbstractBeanFactory.java:324)
	at org.springframework.beans.factory.support.AbstractBeanFactory.getBean(AbstractBeanFactory.java:200)
	at org.springframework.beans.factory.support.DefaultListableBeanFactory.preInstantiateSingletons(DefaultListableBeanFactory.java:961)
	at org.springframework.context.support.AbstractApplicationContext.finishBeanFactoryInitialization(AbstractApplicationContext.java:915)
	at org.springframework.context.support.AbstractApplicationContext.refresh(AbstractApplicationContext.java:584)
	at org.springframework.boot.web.servlet.context.ServletWebServerApplicationContext.refresh(ServletWebServerApplicationContext.java:146)
	at org.springframework.boot.SpringApplication.refresh(SpringApplication.java:730)
	at org.springframework.boot.SpringApplication.refreshContext(SpringApplication.java:432)
	at org.springframework.boot.SpringApplication.run(SpringApplication.java:308)
	at org.springframework.boot.SpringApplication.run(SpringApplication.java:1302)
	at org.springframework.boot.SpringApplication.run(SpringApplication.java:1291)
	at com.uniplanner.Main.main(Main.java:13)
Error saving time slot: [SQLITE_IOERR_DELETE] I/O error within xDelete (disk I/O error)
org.sqlite.SQLiteException: [SQLITE_IOERR_DELETE] I/O error within xDelete (disk I/O error)
	at org.sqlite.core.DB.newSQLException(DB.java:1179)
	at org.sqlite.core.DB.newSQLException(DB.java:1190)
	at org.sqlite.core.DB.throwex(DB.java:1150)
	at org.sqlite.core.NativeDB.prepare_utf8(Native Method)
	at org.sqlite.core.NativeDB.prepare(NativeDB.java:126)
	at org.sqlite.core.DB.prepare(DB.java:264)
	at org.sqlite.core.CorePreparedStatement.<init>(CorePreparedStatement.java:46)
	at org.sqlite.jdbc3.JDBC3PreparedStatement.<init>(JDBC3PreparedStatement.java:31)
	at org.sqlite.jdbc4.JDBC4PreparedStatement.<init>(JDBC4PreparedStatement.java:25)
	at org.sqlite.jdbc4.JDBC4Connection.prepareStatement(JDBC4Connection.java:34)
	at org.sqlite.jdbc3.JDBC3Connection.prepareStatement(JDBC3Connection.java:226)
	at org.sqlite.jdbc3.JDBC3Connection.prepareStatement(JDBC3Connection.java:206)
	at com.uniplanner.persistence.DatabaseManager.saveTimeSlot(DatabaseManager.java:575)
	at com.uniplanner.UniPlannerController.initializeDefaultTimeSlots(UniPlannerController.java:69)
	at com.uniplanner.UniPlannerController.<init>(UniPlannerController.java:33)
	at com.uniplanner.api.ApiController.<clinit>(ApiController.java:44)
	at java.base/jdk.internal.misc.Unsafe.ensureClassInitialized0(Native Method)
	at java.base/jdk.internal.misc.Unsafe.ensureClassInitialized(Unsafe.java:1169)
	at java.base/jdk.internal.reflect.MethodHandleAccessorFactory.ensureClassInitialized(MethodHandleAccessorFactory.java:341)
	at java.base/jdk.internal.reflect.MethodHandleAccessorFactory.newConstructorAccessor(MethodHandleAccessorFactory.java:104)
	at java.base/jdk.internal.reflect.ReflectionFactory.newConstructorAccessor(ReflectionFactory.java:138)
	at java.base/java.lang.reflect.Constructor.acquireConstructorAccessor(Constructor.java:546)
	at java.base/java.lang.reflect.Constructor.newInstanceWithCaller(Constructor.java:496)
	at java.base/java.lang.reflect.Constructor.newInstance(Constructor.java:483)
	at org.springframework.beans.BeanUtils.instantiateClass(BeanUtils.java:197)
	at org.springframework.beans.factory.support.SimpleInstantiationStrategy.instantiate(SimpleInstantiationStrategy.java:87)
	at org.springframework.beans.factory.support.AbstractAutowireCapableBeanFactory.instantiateBean(AbstractAutowireCapableBeanFactory.java:1300)
	at org.springframework.beans.factory.support.AbstractAutowireCapableBeanFactory.createBeanInstance(AbstractAutowireCapableBeanFactory.java:1198)
	at org.springframework.beans.factory.support.AbstractAutowireCapableBeanFactory.doCreateBean(AbstractAutowireCapableBeanFactory.java:561)
	at org.springframework.beans.factory.support.AbstractAutowireCapableBeanFactory.createBean(AbstractAutowireCapableBeanFactory.java:521)
	at org.springframework.beans.factory.support.AbstractBeanFactory.lambda$doGetBean$0(AbstractBeanFactory.java:326)
	at org.springframework.beans.factory.support.DefaultSingletonBeanRegistry.getSingleton(DefaultSingletonBeanRegistry.java:234)
	at org.springframework.beans.factory.support.AbstractBeanFactory.doGetBean(AbstractBeanFactory.java:324)
	at org.springframework.beans.factory.support.AbstractBeanFactory.getBean(AbstractBeanFactory.java:200)
	at org.springframework.beans.factory.support.DefaultListableBeanFactory.preInstantiateSingletons(DefaultListableBeanFactory.java:961)
	at org.springframework.context.support.AbstractApplicationContext.finishBeanFactoryInitialization(AbstractApplicationContext.java:915)
	at org.springframework.context.support.AbstractApplicationContext.refresh(AbstractApplicationContext.java:584)
	at org.springframework.boot.web.servlet.context.ServletWebServerApplicationContext.refresh(ServletWebServerApplicationContext.java:146)
	at org.springframework.boot.SpringApplication.refresh(SpringApplication.java:730)
	at org.springframework.boot.SpringApplication.refreshContext(SpringApplication.java:432)
	at org.springframework.boot.SpringApplication.run(SpringApplication.java:308)
	at org.springframework.boot.SpringApplication.run(SpringApplication.java:1302)
	at org.springframework.boot.SpringApplication.run(SpringApplication.java:1291)
	at com.uniplanner.Main.main(Main.java:13)
Error saving time slot: [SQLITE_IOERR_DELETE] I/O error within xDelete (disk I/O error)
org.sqlite.SQLiteException: [SQLITE_IOERR_DELETE] I/O error within xDelete (disk I/O error)
	at org.sqlite.core.DB.newSQLException(DB.java:1179)
	at org.sqlite.core.DB.newSQLException(DB.java:1190)
	at org.sqlite.core.DB.throwex(DB.java:1150)
	at org.sqlite.core.NativeDB.prepare_utf8(Native Method)
	at org.sqlite.core.NativeDB.prepare(NativeDB.java:126)
	at org.sqlite.core.DB.prepare(DB.java:264)
	at org.sqlite.core.CorePreparedStatement.<init>(CorePreparedStatement.java:46)
	at org.sqlite.jdbc3.JDBC3PreparedStatement.<init>(JDBC3PreparedStatement.java:31)
	at org.sqlite.jdbc4.JDBC4PreparedStatement.<init>(JDBC4PreparedStatement.java:25)
	at org.sqlite.jdbc4.JDBC4Connection.prepareStatement(JDBC4Connection.java:34)
	at org.sqlite.jdbc3.JDBC3Connection.prepareStatement(JDBC3Connection.java:226)
	at org.sqlite.jdbc3.JDBC3Connection.prepareStatement(JDBC3Connection.java:206)
	at com.uniplanner.persistence.DatabaseManager.saveTimeSlot(DatabaseManager.java:575)
	at com.uniplanner.UniPlannerController.initializeDefaultTimeSlots(UniPlannerController.java:69)
	at com.uniplanner.UniPlannerController.<init>(UniPlannerController.java:33)
	at com.uniplanner.api.ApiController.<clinit>(ApiController.java:44)
	at java.base/jdk.internal.misc.Unsafe.ensureClassInitialized0(Native Method)
	at java.base/jdk.internal.misc.Unsafe.ensureClassInitialized(Unsafe.java:1169)
	at java.base/jdk.internal.reflect.MethodHandleAccessorFactory.ensureClassInitialized(MethodHandleAccessorFactory.java:341)
	at java.base/jdk.internal.reflect.MethodHandleAccessorFactory.newConstructorAccessor(MethodHandleAccessorFactory.java:104)
	at java.base/jdk.internal.reflect.ReflectionFactory.newConstructorAccessor(ReflectionFactory.java:138)
	at java.base/java.lang.reflect.Constructor.acquireConstructorAccessor(Constructor.java:546)
	at java.base/java.lang.reflect.Constructor.newInstanceWithCaller(Constructor.java:496)
	at java.base/java.lang.reflect.Constructor.newInstance(Constructor.java:483)
	at org.springframework.beans.BeanUtils.instantiateClass(BeanUtils.java:197)
	at org.springframework.beans.factory.support.SimpleInstantiationStrategy.instantiate(SimpleInstantiationStrategy.java:87)
	at org.springframework.beans.factory.support.AbstractAutowireCapableBeanFactory.instantiateBean(AbstractAutowireCapableBeanFactory.java:1300)
	at org.springframework.beans.factory.support.AbstractAutowireCapableBeanFactory.createBeanInstance(AbstractAutowireCapableBeanFactory.java:1198)
	at org.springframework.beans.factory.support.AbstractAutowireCapableBeanFactory.doCreateBean(AbstractAutowireCapableBeanFactory.java:561)
	at org.springframework.beans.factory.support.AbstractAutowireCapableBeanFactory.createBean(AbstractAutowireCapableBeanFactory.java:521)
	at org.springframework.beans.factory.support.AbstractBeanFactory.lambda$doGetBean$0(AbstractBeanFactory.java:326)
	at org.springframework.beans.factory.support.DefaultSingletonBeanRegistry.getSingleton(DefaultSingletonBeanRegistry.java:234)
	at org.springframework.beans.factory.support.AbstractBeanFactory.doGetBean(AbstractBeanFactory.java:324)
	at org.springframework.beans.factory.support.AbstractBeanFactory.getBean(AbstractBeanFactory.java:200)
	at org.springframework.beans.factory.support.DefaultListableBeanFactory.preInstantiateSingletons(DefaultListableBeanFactory.java:961)
	at org.springframework.context.support.AbstractApplicationContext.finishBeanFactoryInitialization(AbstractApplicationContext.java:915)
	at org.springframework.context.support.AbstractApplicationContext.refresh(AbstractApplicationContext.java:584)
	at org.springframework.boot.web.servlet.context.ServletWebServerApplicationContext.refresh(ServletWebServerApplicationContext.java:146)
	at org.springframework.boot.SpringApplication.refresh(SpringApplication.java:730)
	at org.springframework.boot.SpringApplication.refreshContext(SpringApplication.java:432)
	at org.springframework.boot.SpringApplication.run(SpringApplication.java:308)
	at org.springframework.boot.SpringApplication.run(SpringApplication.java:1302)
	at org.springframework.boot.SpringApplication.run(SpringApplication.java:1291)
	at com.uniplanner.Main.main(Main.java:13)
Error saving time slot: [SQLITE_IOERR_DELETE] I/O error within xDelete (disk I/O error)
org.sqlite.SQLiteException: [SQLITE_IOERR_DELETE] I/O error within xDelete (disk I/O error)
	at org.sqlite.core.DB.newSQLException(DB.java:1179)
	at org.sqlite.core.DB.newSQLException(DB.java:1190)
	at org.sqlite.core.DB.throwex(DB.java:1150)
	at org.sqlite.core.NativeDB.prepare_utf8(Native Method)
	at org.sqlite.core.NativeDB.prepare(NativeDB.java:126)
	at org.sqlite.core.DB.prepare(DB.java:264)
	at org.sqlite.core.CorePreparedStatement.<init>(CorePreparedStatement.java:46)
	at org.sqlite.jdbc3.JDBC3PreparedStatement.<init>(JDBC3PreparedStatement.java:31)
	at org.sqlite.jdbc4.JDBC4PreparedStatement.<init>(JDBC4PreparedStatement.java:25)
	at org.sqlite.jdbc4.JDBC4Connection.prepareStatement(JDBC4Connection.java:34)
	at org.sqlite.jdbc3.JDBC3Connection.prepareStatement(JDBC3Connection.java:226)
	at org.sqlite.jdbc3.JDBC3Connection.prepareStatement(JDBC3Connection.java:206)
	at com.uniplanner.persistence.DatabaseManager.saveTimeSlot(DatabaseManager.java:575)
	at com.uniplanner.UniPlannerController.initializeDefaultTimeSlots(UniPlannerController.java:69)
	at com.uniplanner.UniPlannerController.<init>(UniPlannerController.java:33)
	at com.uniplanner.api.ApiController.<clinit>(ApiController.java:44)
	at java.base/jdk.internal.misc.Unsafe.ensureClassInitialized0(Native Method)
	at java.base/jdk.internal.misc.Unsafe.ensureClassInitialized(Unsafe.java:1169)
	at java.base/jdk.internal.reflect.MethodHandleAccessorFactory.ensureClassInitialized(MethodHandleAccessorFactory.java:341)
	at java.base/jdk.internal.reflect.MethodHandleAccessorFactory.newConstructorAccessor(MethodHandleAccessorFactory.java:104)
	at java.base/jdk.internal.reflect.ReflectionFactory.newConstructorAccessor(ReflectionFactory.java:138)
	at java.base/java.lang.reflect.Constructor.acquireConstructorAccessor(Constructor.java:546)
	at java.base/java.lang.reflect.Constructor.newInstanceWithCaller(Constructor.java:496)
	at java.base/java.lang.reflect.Constructor.newInstance(Constructor.java:483)
	at org.springframework.beans.BeanUtils.instantiateClass(BeanUtils.java:197)
	at org.springframework.beans.factory.support.SimpleInstantiationStrategy.instantiate(SimpleInstantiationStrategy.java:87)
	at org.springframework.beans.factory.support.AbstractAutowireCapableBeanFactory.instantiateBean(AbstractAutowireCapableBeanFactory.java:1300)
	at org.springframework.beans.factory.support.AbstractAutowireCapableBeanFactory.createBeanInstance(AbstractAutowireCapableBeanFactory.java:1198)
	at org.springframework.beans.factory.support.AbstractAutowireCapableBeanFactory.doCreateBean(AbstractAutowireCapableBeanFactory.java:561)
	at org.springframework.beans.factory.support.AbstractAutowireCapableBeanFactory.createBean(AbstractAutowireCapableBeanFactory.java:521)
	at org.springframework.beans.factory.support.AbstractBeanFactory.lambda$doGetBean$0(AbstractBeanFactory.java:326)
	at org.springframework.beans.factory.support.DefaultSingletonBeanRegistry.getSingleton(DefaultSingletonBeanRegistry.java:234)
	at org.springframework.beans.factory.support.AbstractBeanFactory.doGetBean(AbstractBeanFactory.java:324)
	at org.springframework.beans.factory.support.AbstractBeanFactory.getBean(AbstractBeanFactory.java:200)
	at org.springframework.beans.factory.support.DefaultListableBeanFactory.preInstantiateSingletons(DefaultListableBeanFactory.java:961)
	at org.springframework.context.support.AbstractApplicationContext.finishBeanFactoryInitialization(AbstractApplicationContext.java:915)
	at org.springframework.context.support.AbstractApplicationContext.refresh(AbstractApplicationContext.java:584)
	at org.springframework.boot.web.servlet.context.ServletWebServerApplicationContext.refresh(ServletWebServerApplicationContext.java:146)
	at org.springframework.boot.SpringApplication.refresh(SpringApplication.java:730)
	at org.springframework.boot.SpringApplication.refreshContext(SpringApplication.java:432)
	at org.springframework.boot.SpringApplication.run(SpringApplication.java:308)
	at org.springframework.boot.SpringApplication.run(SpringApplication.java:1302)
	at org.springframework.boot.SpringApplication.run(SpringApplication.java:1291)
	at com.uniplanner.Main.main(Main.java:13)
Error saving time slot: [SQLITE_IOERR_DELETE] I/O error within xDelete (disk I/O error)
org.sqlite.SQLiteException: [SQLITE_IOERR_DELETE] I/O error within xDelete (disk I/O error)
	at org.sqlite.core.DB.newSQLException(DB.java:1179)
	at org.sqlite.core.DB.newSQLException(DB.java:1190)
	at org.sqlite.core.DB.throwex(DB.java:1150)
	at org.sqlite.core.NativeDB.prepare_utf8(Native Method)
	at org.sqlite.core.NativeDB.prepare(NativeDB.java:126)
	at org.sqlite.core.DB.prepare(DB.java:264)
	at org.sqlite.core.CorePreparedStatement.<init>(CorePreparedStatement.java:46)
	at org.sqlite.jdbc3.JDBC3PreparedStatement.<init>(JDBC3PreparedStatement.java:31)
	at org.sqlite.jdbc4.JDBC4PreparedStatement.<init>(JDBC4PreparedStatement.java:25)
	at org.sqlite.jdbc4.JDBC4Connection.prepareStatement(JDBC4Connection.java:34)
	at org.sqlite.jdbc3.JDBC3Connection.prepareStatement(JDBC3Connection.java:226)
	at org.sqlite.jdbc3.JDBC3Connection.prepareStatement(JDBC3Connection.java:206)
	at com.uniplanner.persistence.DatabaseManager.saveTimeSlot(DatabaseManager.java:575)
	at com.uniplanner.UniPlannerController.initializeDefaultTimeSlots(UniPlannerController.java:69)
	at com.uniplanner.UniPlannerController.<init>(UniPlannerController.java:33)
	at com.uniplanner.api.ApiController.<clinit>(ApiController.java:44)
	at java.base/jdk.internal.misc.Unsafe.ensureClassInitialized0(Native Method)
	at java.base/jdk.internal.misc.Unsafe.ensureClassInitialized(Unsafe.java:1169)
	at java.base/jdk.internal.reflect.MethodHandleAccessorFactory.ensureClassInitialized(MethodHandleAccessorFactory.java:341)
	at java.base/jdk.internal.reflect.MethodHandleAccessorFactory.newConstructorAccessor(MethodHandleAccessorFactory.java:104)
	at java.base/jdk.internal.reflect.ReflectionFactory.newConstructorAccessor(ReflectionFactory.java:138)
	at java.base/java.lang.reflect.Constructor.acquireConstructorAccessor(Constructor.java:546)
	at java.base/java.lang.reflect.Constructor.newInstanceWithCaller(Constructor.java:496)
	at java.base/java.lang.reflect.Constructor.newInstance(Constructor.java:483)
	at org.springframework.beans.BeanUtils.instantiateClass(BeanUtils.java:197)
	at org.springframework.beans.factory.support.SimpleInstantiationStrategy.instantiate(SimpleInstantiationStrategy.java:87)
	at org.springframework.beans.factory.support.AbstractAutowireCapableBeanFactory.instantiateBean(AbstractAutowireCapableBeanFactory.java:1300)
	at org.springframework.beans.factory.support.AbstractAutowireCapableBeanFactory.createBeanInstance(AbstractAutowireCapableBeanFactory.java:1198)
	at org.springframework.beans.factory.support.AbstractAutowireCapableBeanFactory.doCreateBean(AbstractAutowireCapableBeanFactory.java:561)
	at org.springframework.beans.factory.support.AbstractAutowireCapableBeanFactory.createBean(AbstractAutowireCapableBeanFactory.java:521)
	at org.springframework.beans.factory.support.AbstractBeanFactory.lambda$doGetBean$0(AbstractBeanFactory.java:326)
	at org.springframework.beans.factory.support.DefaultSingletonBeanRegistry.getSingleton(DefaultSingletonBeanRegistry.java:234)
	at org.springframework.beans.factory.support.AbstractBeanFactory.doGetBean(AbstractBeanFactory.java:324)
	at org.springframework.beans.factory.support.AbstractBeanFactory.getBean(AbstractBeanFactory.java:200)
	at org.springframework.beans.factory.support.DefaultListableBeanFactory.preInstantiateSingletons(DefaultListableBeanFactory.java:961)
	at org.springframework.context.support.AbstractApplicationContext.finishBeanFactoryInitialization(AbstractApplicationContext.java:915)
	at org.springframework.context.support.AbstractApplicationContext.refresh(AbstractApplicationContext.java:584)
	at org.springframework.boot.web.servlet.context.ServletWebServerApplicationContext.refresh(ServletWebServerApplicationContext.java:146)
	at org.springframework.boot.SpringApplication.refresh(SpringApplication.java:730)
	at org.springframework.boot.SpringApplication.refreshContext(SpringApplication.java:432)
	at org.springframework.boot.SpringApplication.run(SpringApplication.java:308)
	at org.springframework.boot.SpringApplication.run(SpringApplication.java:1302)
	at org.springframework.boot.SpringApplication.run(SpringApplication.java:1291)
	at com.uniplanner.Main.main(Main.java:13)
Error saving time slot: [SQLITE_IOERR_DELETE] I/O error within xDelete (disk I/O error)
org.sqlite.SQLiteException: [SQLITE_IOERR_DELETE] I/O error within xDelete (disk I/O error)
	at org.sqlite.core.DB.newSQLException(DB.java:1179)
	at org.sqlite.core.DB.newSQLException(DB.java:1190)
	at org.sqlite.core.DB.throwex(DB.java:1150)
	at org.sqlite.core.NativeDB.prepare_utf8(Native Method)
	at org.sqlite.core.NativeDB.prepare(NativeDB.java:126)
	at org.sqlite.core.DB.prepare(DB.java:264)
	at org.sqlite.core.CorePreparedStatement.<init>(CorePreparedStatement.java:46)
	at org.sqlite.jdbc3.JDBC3PreparedStatement.<init>(JDBC3PreparedStatement.java:31)
	at org.sqlite.jdbc4.JDBC4PreparedStatement.<init>(JDBC4PreparedStatement.java:25)
	at org.sqlite.jdbc4.JDBC4Connection.prepareStatement(JDBC4Connection.java:34)
	at org.sqlite.jdbc3.JDBC3Connection.prepareStatement(JDBC3Connection.java:226)
	at org.sqlite.jdbc3.JDBC3Connection.prepareStatement(JDBC3Connection.java:206)
	at com.uniplanner.persistence.DatabaseManager.saveTimeSlot(DatabaseManager.java:575)
	at com.uniplanner.UniPlannerController.initializeDefaultTimeSlots(UniPlannerController.java:69)
	at com.uniplanner.UniPlannerController.<init>(UniPlannerController.java:33)
	at com.uniplanner.api.ApiController.<clinit>(ApiController.java:44)
	at java.base/jdk.internal.misc.Unsafe.ensureClassInitialized0(Native Method)
	at java.base/jdk.internal.misc.Unsafe.ensureClassInitialized(Unsafe.java:1169)
	at java.base/jdk.internal.reflect.MethodHandleAccessorFactory.ensureClassInitialized(MethodHandleAccessorFactory.java:341)
	at java.base/jdk.internal.reflect.MethodHandleAccessorFactory.newConstructorAccessor(MethodHandleAccessorFactory.java:104)
	at java.base/jdk.internal.reflect.ReflectionFactory.newConstructorAccessor(ReflectionFactory.java:138)
	at java.base/java.lang.reflect.Constructor.acquireConstructorAccessor(Constructor.java:546)
	at java.base/java.lang.reflect.Constructor.newInstanceWithCaller(Constructor.java:496)
	at java.base/java.lang.reflect.Constructor.newInstance(Constructor.java:483)
	at org.springframework.beans.BeanUtils.instantiateClass(BeanUtils.java:197)
	at org.springframework.beans.factory.support.SimpleInstantiationStrategy.instantiate(SimpleInstantiationStrategy.java:87)
	at org.springframework.beans.factory.support.AbstractAutowireCapableBeanFactory.instantiateBean(AbstractAutowireCapableBeanFactory.java:1300)
	at org.springframework.beans.factory.support.AbstractAutowireCapableBeanFactory.createBeanInstance(AbstractAutowireCapableBeanFactory.java:1198)
	at org.springframework.beans.factory.support.AbstractAutowireCapableBeanFactory.doCreateBean(AbstractAutowireCapableBeanFactory.java:561)
	at org.springframework.beans.factory.support.AbstractAutowireCapableBeanFactory.createBean(AbstractAutowireCapableBeanFactory.java:521)
	at org.springframework.beans.factory.support.AbstractBeanFactory.lambda$doGetBean$0(AbstractBeanFactory.java:326)
	at org.springframework.beans.factory.support.DefaultSingletonBeanRegistry.getSingleton(DefaultSingletonBeanRegistry.java:234)
	at org.springframework.beans.factory.support.AbstractBeanFactory.doGetBean(AbstractBeanFactory.java:324)
	at org.springframework.beans.factory.support.AbstractBeanFactory.getBean(AbstractBeanFactory.java:200)
	at org.springframework.beans.factory.support.DefaultListableBeanFactory.preInstantiateSingletons(DefaultListableBeanFactory.java:961)
	at org.springframework.context.support.AbstractApplicationContext.finishBeanFactoryInitialization(AbstractApplicationContext.java:915)
	at org.springframework.context.support.AbstractApplicationContext.refresh(AbstractApplicationContext.java:584)
	at org.springframework.boot.web.servlet.context.ServletWebServerApplicationContext.refresh(ServletWebServerApplicationContext.java:146)
	at org.springframework.boot.SpringApplication.refresh(SpringApplication.java:730)
	at org.springframework.boot.SpringApplication.refreshContext(SpringApplication.java:432)
	at org.springframework.boot.SpringApplication.run(SpringApplication.java:308)
	at org.springframework.boot.SpringApplication.run(SpringApplication.java:1302)
	at org.springframework.boot.SpringApplication.run(SpringApplication.java:1291)
	at com.uniplanner.Main.main(Main.java:13)
Error saving time slot: [SQLITE_IOERR_DELETE] I/O error within xDelete (disk I/O error)
org.sqlite.SQLiteException: [SQLITE_IOERR_DELETE] I/O error within xDelete (disk I/O error)
	at org.sqlite.core.DB.newSQLException(DB.java:1179)
	at org.sqlite.core.DB.newSQLException(DB.java:1190)
	at org.sqlite.core.DB.throwex(DB.java:1150)
	at org.sqlite.core.NativeDB.prepare_utf8(Native Method)
	at org.sqlite.core.NativeDB.prepare(NativeDB.java:126)
	at org.sqlite.core.DB.prepare(DB.java:264)
	at org.sqlite.core.CorePreparedStatement.<init>(CorePreparedStatement.java:46)
	at org.sqlite.jdbc3.JDBC3PreparedStatement.<init>(JDBC3PreparedStatement.java:31)
	at org.sqlite.jdbc4.JDBC4PreparedStatement.<init>(JDBC4PreparedStatement.java:25)
	at org.sqlite.jdbc4.JDBC4Connection.prepareStatement(JDBC4Connection.java:34)
	at org.sqlite.jdbc3.JDBC3Connection.prepareStatement(JDBC3Connection.java:226)
	at org.sqlite.jdbc3.JDBC3Connection.prepareStatement(JDBC3Connection.java:206)
	at com.uniplanner.persistence.DatabaseManager.saveTimeSlot(DatabaseManager.java:575)
	at com.uniplanner.UniPlannerController.initializeDefaultTimeSlots(UniPlannerController.java:69)
	at com.uniplanner.UniPlannerController.<init>(UniPlannerController.java:33)
	at com.uniplanner.api.ApiController.<clinit>(ApiController.java:44)
	at java.base/jdk.internal.misc.Unsafe.ensureClassInitialized0(Native Method)
	at java.base/jdk.internal.misc.Unsafe.ensureClassInitialized(Unsafe.java:1169)
	at java.base/jdk.internal.reflect.MethodHandleAccessorFactory.ensureClassInitialized(MethodHandleAccessorFactory.java:341)
	at java.base/jdk.internal.reflect.MethodHandleAccessorFactory.newConstructorAccessor(MethodHandleAccessorFactory.java:104)
	at java.base/jdk.internal.reflect.ReflectionFactory.newConstructorAccessor(ReflectionFactory.java:138)
	at java.base/java.lang.reflect.Constructor.acquireConstructorAccessor(Constructor.java:546)
	at java.base/java.lang.reflect.Constructor.newInstanceWithCaller(Constructor.java:496)
	at java.base/java.lang.reflect.Constructor.newInstance(Constructor.java:483)
	at org.springframework.beans.BeanUtils.instantiateClass(BeanUtils.java:197)
	at org.springframework.beans.factory.support.SimpleInstantiationStrategy.instantiate(SimpleInstantiationStrategy.java:87)
	at org.springframework.beans.factory.support.AbstractAutowireCapableBeanFactory.instantiateBean(AbstractAutowireCapableBeanFactory.java:1300)
	at org.springframework.beans.factory.support.AbstractAutowireCapableBeanFactory.createBeanInstance(AbstractAutowireCapableBeanFactory.java:1198)
	at org.springframework.beans.factory.support.AbstractAutowireCapableBeanFactory.doCreateBean(AbstractAutowireCapableBeanFactory.java:561)
	at org.springframework.beans.factory.support.AbstractAutowireCapableBeanFactory.createBean(AbstractAutowireCapableBeanFactory.java:521)
	at org.springframework.beans.factory.support.AbstractBeanFactory.lambda$doGetBean$0(AbstractBeanFactory.java:326)
	at org.springframework.beans.factory.support.DefaultSingletonBeanRegistry.getSingleton(DefaultSingletonBeanRegistry.java:234)
	at org.springframework.beans.factory.support.AbstractBeanFactory.doGetBean(AbstractBeanFactory.java:324)
	at org.springframework.beans.factory.support.AbstractBeanFactory.getBean(AbstractBeanFactory.java:200)
	at org.springframework.beans.factory.support.DefaultListableBeanFactory.preInstantiateSingletons(DefaultListableBeanFactory.java:961)
	at org.springframework.context.support.AbstractApplicationContext.finishBeanFactoryInitialization(AbstractApplicationContext.java:915)
	at org.springframework.context.support.AbstractApplicationContext.refresh(AbstractApplicationContext.java:584)
	at org.springframework.boot.web.servlet.context.ServletWebServerApplicationContext.refresh(ServletWebServerApplicationContext.java:146)
	at org.springframework.boot.SpringApplication.refresh(SpringApplication.java:730)
	at org.springframework.boot.SpringApplication.refreshContext(SpringApplication.java:432)
	at org.springframework.boot.SpringApplication.run(SpringApplication.java:308)
	at org.springframework.boot.SpringApplication.run(SpringApplication.java:1302)
	at org.springframework.boot.SpringApplication.run(SpringApplication.java:1291)
	at com.uniplanner.Main.main(Main.java:13)
Error saving time slot: [SQLITE_IOERR_DELETE] I/O error within xDelete (disk I/O error)
org.sqlite.SQLiteException: [SQLITE_IOERR_DELETE] I/O error within xDelete (disk I/O error)
	at org.sqlite.core.DB.newSQLException(DB.java:1179)
	at org.sqlite.core.DB.newSQLException(DB.java:1190)
	at org.sqlite.core.DB.throwex(DB.java:1150)
	at org.sqlite.core.NativeDB.prepare_utf8(Native Method)
	at org.sqlite.core.NativeDB.prepare(NativeDB.java:126)
	at org.sqlite.core.DB.prepare(DB.java:264)
	at org.sqlite.core.CorePreparedStatement.<init>(CorePreparedStatement.java:46)
	at org.sqlite.jdbc3.JDBC3PreparedStatement.<init>(JDBC3PreparedStatement.java:31)
	at org.sqlite.jdbc4.JDBC4PreparedStatement.<init>(JDBC4PreparedStatement.java:25)
	at org.sqlite.jdbc4.JDBC4Connection.prepareStatement(JDBC4Connection.java:34)
	at org.sqlite.jdbc3.JDBC3Connection.prepareStatement(JDBC3Connection.java:226)
	at org.sqlite.jdbc3.JDBC3Connection.prepareStatement(JDBC3Connection.java:206)
	at com.uniplanner.persistence.DatabaseManager.saveTimeSlot(DatabaseManager.java:575)
	at com.uniplanner.UniPlannerController.initializeDefaultTimeSlots(UniPlannerController.java:69)
	at com.uniplanner.UniPlannerController.<init>(UniPlannerController.java:33)
	at com.uniplanner.api.ApiController.<clinit>(ApiController.java:44)
	at java.base/jdk.internal.misc.Unsafe.ensureClassInitialized0(Native Method)
	at java.base/jdk.internal.misc.Unsafe.ensureClassInitialized(Unsafe.java:1169)
	at java.base/jdk.internal.reflect.MethodHandleAccessorFactory.ensureClassInitialized(MethodHandleAccessorFactory.java:341)
	at java.base/jdk.internal.reflect.MethodHandleAccessorFactory.newConstructorAccessor(MethodHandleAccessorFactory.java:104)
	at java.base/jdk.internal.reflect.ReflectionFactory.newConstructorAccessor(ReflectionFactory.java:138)
	at java.base/java.lang.reflect.Constructor.acquireConstructorAccessor(Constructor.java:546)
	at java.base/java.lang.reflect.Constructor.newInstanceWithCaller(Constructor.java:496)
	at java.base/java.lang.reflect.Constructor.newInstance(Constructor.java:483)
	at org.springframework.beans.BeanUtils.instantiateClass(BeanUtils.java:197)
	at org.springframework.beans.factory.support.SimpleInstantiationStrategy.instantiate(SimpleInstantiationStrategy.java:87)
	at org.springframework.beans.factory.support.AbstractAutowireCapableBeanFactory.instantiateBean(AbstractAutowireCapableBeanFactory.java:1300)
	at org.springframework.beans.factory.support.AbstractAutowireCapableBeanFactory.createBeanInstance(AbstractAutowireCapableBeanFactory.java:1198)
	at org.springframework.beans.factory.support.AbstractAutowireCapableBeanFactory.doCreateBean(AbstractAutowireCapableBeanFactory.java:561)
	at org.springframework.beans.factory.support.AbstractAutowireCapableBeanFactory.createBean(AbstractAutowireCapableBeanFactory.java:521)
	at org.springframework.beans.factory.support.AbstractBeanFactory.lambda$doGetBean$0(AbstractBeanFactory.java:326)
	at org.springframework.beans.factory.support.DefaultSingletonBeanRegistry.getSingleton(DefaultSingletonBeanRegistry.java:234)
	at org.springframework.beans.factory.support.AbstractBeanFactory.doGetBean(AbstractBeanFactory.java:324)
	at org.springframework.beans.factory.support.AbstractBeanFactory.getBean(AbstractBeanFactory.java:200)
	at org.springframework.beans.factory.support.DefaultListableBeanFactory.preInstantiateSingletons(DefaultListableBeanFactory.java:961)
	at org.springframework.context.support.AbstractApplicationContext.finishBeanFactoryInitialization(AbstractApplicationContext.java:915)
	at org.springframework.context.support.AbstractApplicationContext.refresh(AbstractApplicationContext.java:584)
	at org.springframework.boot.web.servlet.context.ServletWebServerApplicationContext.refresh(ServletWebServerApplicationContext.java:146)
	at org.springframework.boot.SpringApplication.refresh(SpringApplication.java:730)
	at org.springframework.boot.SpringApplication.refreshContext(SpringApplication.java:432)
	at org.springframework.boot.SpringApplication.run(SpringApplication.java:308)
	at org.springframework.boot.SpringApplication.run(SpringApplication.java:1302)
	at org.springframework.boot.SpringApplication.run(SpringApplication.java:1291)
	at com.uniplanner.Main.main(Main.java:13)
Error saving time slot: [SQLITE_IOERR_DELETE] I/O error within xDelete (disk I/O error)
org.sqlite.SQLiteException: [SQLITE_IOERR_DELETE] I/O error within xDelete (disk I/O error)
	at org.sqlite.core.DB.newSQLException(DB.java:1179)
	at org.sqlite.core.DB.newSQLException(DB.java:1190)
	at org.sqlite.core.DB.throwex(DB.java:1150)
	at org.sqlite.core.NativeDB.prepare_utf8(Native Method)
	at org.sqlite.core.NativeDB.prepare(NativeDB.java:126)
	at org.sqlite.core.DB.prepare(DB.java:264)
	at org.sqlite.core.CorePreparedStatement.<init>(CorePreparedStatement.java:46)
	at org.sqlite.jdbc3.JDBC3PreparedStatement.<init>(JDBC3PreparedStatement.java:31)
	at org.sqlite.jdbc4.JDBC4PreparedStatement.<init>(JDBC4PreparedStatement.java:25)
	at org.sqlite.jdbc4.JDBC4Connection.prepareStatement(JDBC4Connection.java:34)
	at org.sqlite.jdbc3.JDBC3Connection.prepareStatement(JDBC3Connection.java:226)
	at org.sqlite.jdbc3.JDBC3Connection.prepareStatement(JDBC3Connection.java:206)
	at com.uniplanner.persistence.DatabaseManager.saveTimeSlot(DatabaseManager.java:575)
	at com.uniplanner.UniPlannerController.initializeDefaultTimeSlots(UniPlannerController.java:69)
	at com.uniplanner.UniPlannerController.<init>(UniPlannerController.java:33)
	at com.uniplanner.api.ApiController.<clinit>(ApiController.java:44)
	at java.base/jdk.internal.misc.Unsafe.ensureClassInitialized0(Native Method)
	at java.base/jdk.internal.misc.Unsafe.ensureClassInitialized(Unsafe.java:1169)
	at java.base/jdk.internal.reflect.MethodHandleAccessorFactory.ensureClassInitialized(MethodHandleAccessorFactory.java:341)
	at java.base/jdk.internal.reflect.MethodHandleAccessorFactory.newConstructorAccessor(MethodHandleAccessorFactory.java:104)
	at java.base/jdk.internal.reflect.ReflectionFactory.newConstructorAccessor(ReflectionFactory.java:138)
	at java.base/java.lang.reflect.Constructor.acquireConstructorAccessor(Constructor.java:546)
	at java.base/java.lang.reflect.Constructor.newInstanceWithCaller(Constructor.java:496)
	at java.base/java.lang.reflect.Constructor.newInstance(Constructor.java:483)
	at org.springframework.beans.BeanUtils.instantiateClass(BeanUtils.java:197)
	at org.springframework.beans.factory.support.SimpleInstantiationStrategy.instantiate(SimpleInstantiationStrategy.java:87)
	at org.springframework.beans.factory.support.AbstractAutowireCapableBeanFactory.instantiateBean(AbstractAutowireCapableBeanFactory.java:1300)
	at org.springframework.beans.factory.support.AbstractAutowireCapableBeanFactory.createBeanInstance(AbstractAutowireCapableBeanFactory.java:1198)
	at org.springframework.beans.factory.support.AbstractAutowireCapableBeanFactory.doCreateBean(AbstractAutowireCapableBeanFactory.java:561)
	at org.springframework.beans.factory.support.AbstractAutowireCapableBeanFactory.createBean(AbstractAutowireCapableBeanFactory.java:521)
	at org.springframework.beans.factory.support.AbstractBeanFactory.lambda$doGetBean$0(AbstractBeanFactory.java:326)
	at org.springframework.beans.factory.support.DefaultSingletonBeanRegistry.getSingleton(DefaultSingletonBeanRegistry.java:234)
	at org.springframework.beans.factory.support.AbstractBeanFactory.doGetBean(AbstractBeanFactory.java:324)
	at org.springframework.beans.factory.support.AbstractBeanFactory.getBean(AbstractBeanFactory.java:200)
	at org.springframework.beans.factory.support.DefaultListableBeanFactory.preInstantiateSingletons(DefaultListableBeanFactory.java:961)
	at org.springframework.context.support.AbstractApplicationContext.finishBeanFactoryInitialization(AbstractApplicationContext.java:915)
	at org.springframework.context.support.AbstractApplicationContext.refresh(AbstractApplicationContext.java:584)
	at org.springframework.boot.web.servlet.context.ServletWebServerApplicationContext.refresh(ServletWebServerApplicationContext.java:146)
	at org.springframework.boot.SpringApplication.refresh(SpringApplication.java:730)
	at org.springframework.boot.SpringApplication.refreshContext(SpringApplication.java:432)
	at org.springframework.boot.SpringApplication.run(SpringApplication.java:308)
	at org.springframework.boot.SpringApplication.run(SpringApplication.java:1302)
	at org.springframework.boot.SpringApplication.run(SpringApplication.java:1291)
	at com.uniplanner.Main.main(Main.java:13)
Error saving time slot: [SQLITE_IOERR_DELETE] I/O error within xDelete (disk I/O error)
org.sqlite.SQLiteException: [SQLITE_IOERR_DELETE] I/O error within xDelete (disk I/O error)
	at org.sqlite.core.DB.newSQLException(DB.java:1179)
	at org.sqlite.core.DB.newSQLException(DB.java:1190)
	at org.sqlite.core.DB.throwex(DB.java:1150)
	at org.sqlite.core.NativeDB.prepare_utf8(Native Method)
	at org.sqlite.core.NativeDB.prepare(NativeDB.java:126)
	at org.sqlite.core.DB.prepare(DB.java:264)
	at org.sqlite.core.CorePreparedStatement.<init>(CorePreparedStatement.java:46)
	at org.sqlite.jdbc3.JDBC3PreparedStatement.<init>(JDBC3PreparedStatement.java:31)
	at org.sqlite.jdbc4.JDBC4PreparedStatement.<init>(JDBC4PreparedStatement.java:25)
	at org.sqlite.jdbc4.JDBC4Connection.prepareStatement(JDBC4Connection.java:34)
	at org.sqlite.jdbc3.JDBC3Connection.prepareStatement(JDBC3Connection.java:226)
	at org.sqlite.jdbc3.JDBC3Connection.prepareStatement(JDBC3Connection.java:206)
	at com.uniplanner.persistence.DatabaseManager.saveTimeSlot(DatabaseManager.java:575)
	at com.uniplanner.UniPlannerController.initializeDefaultTimeSlots(UniPlannerController.java:69)
	at com.uniplanner.UniPlannerController.<init>(UniPlannerController.java:33)
	at com.uniplanner.api.ApiController.<clinit>(ApiController.java:44)
	at java.base/jdk.internal.misc.Unsafe.ensureClassInitialized0(Native Method)
	at java.base/jdk.internal.misc.Unsafe.ensureClassInitialized(Unsafe.java:1169)
	at java.base/jdk.internal.reflect.MethodHandleAccessorFactory.ensureClassInitialized(MethodHandleAccessorFactory.java:341)
	at java.base/jdk.internal.reflect.MethodHandleAccessorFactory.newConstructorAccessor(MethodHandleAccessorFactory.java:104)
	at java.base/jdk.internal.reflect.ReflectionFactory.newConstructorAccessor(ReflectionFactory.java:138)
	at java.base/java.lang.reflect.Constructor.acquireConstructorAccessor(Constructor.java:546)
	at java.base/java.lang.reflect.Constructor.newInstanceWithCaller(Constructor.java:496)
	at java.base/java.lang.reflect.Constructor.newInstance(Constructor.java:483)
	at org.springframework.beans.BeanUtils.instantiateClass(BeanUtils.java:197)
	at org.springframework.beans.factory.support.SimpleInstantiationStrategy.instantiate(SimpleInstantiationStrategy.java:87)
	at org.springframework.beans.factory.support.AbstractAutowireCapableBeanFactory.instantiateBean(AbstractAutowireCapableBeanFactory.java:1300)
	at org.springframework.beans.factory.support.AbstractAutowireCapableBeanFactory.createBeanInstance(AbstractAutowireCapableBeanFactory.java:1198)
	at org.springframework.beans.factory.support.AbstractAutowireCapableBeanFactory.doCreateBean(AbstractAutowireCapableBeanFactory.java:561)
	at org.springframework.beans.factory.support.AbstractAutowireCapableBeanFactory.createBean(AbstractAutowireCapableBeanFactory.java:521)
	at org.springframework.beans.factory.support.AbstractBeanFactory.lambda$doGetBean$0(AbstractBeanFactory.java:326)
	at org.springframework.beans.factory.support.DefaultSingletonBeanRegistry.getSingleton(DefaultSingletonBeanRegistry.java:234)
	at org.springframework.beans.factory.support.AbstractBeanFactory.doGetBean(AbstractBeanFactory.java:324)
	at org.springframework.beans.factory.support.AbstractBeanFactory.getBean(AbstractBeanFactory.java:200)
	at org.springframework.beans.factory.support.DefaultListableBeanFactory.preInstantiateSingletons(DefaultListableBeanFactory.java:961)
	at org.springframework.context.support.AbstractApplicationContext.finishBeanFactoryInitialization(AbstractApplicationContext.java:915)
	at org.springframework.context.support.AbstractApplicationContext.refresh(AbstractApplicationContext.java:584)
	at org.springframework.boot.web.servlet.context.ServletWebServerApplicationContext.refresh(ServletWebServerApplicationContext.java:146)
	at org.springframework.boot.SpringApplication.refresh(SpringApplication.java:730)
	at org.springframework.boot.SpringApplication.refreshContext(SpringApplication.java:432)
	at org.springframework.boot.SpringApplication.run(SpringApplication.java:308)
	at org.springframework.boot.SpringApplication.run(SpringApplication.java:1302)
	at org.springframework.boot.SpringApplication.run(SpringApplication.java:1291)
	at com.uniplanner.Main.main(Main.java:13)
Error saving time slot: [SQLITE_IOERR_DELETE] I/O error within xDelete (disk I/O error)
org.sqlite.SQLiteException: [SQLITE_IOERR_DELETE] I/O error within xDelete (disk I/O error)
	at org.sqlite.core.DB.newSQLException(DB.java:1179)
	at org.sqlite.core.DB.newSQLException(DB.java:1190)
	at org.sqlite.core.DB.throwex(DB.java:1150)
	at org.sqlite.core.NativeDB.prepare_utf8(Native Method)
	at org.sqlite.core.NativeDB.prepare(NativeDB.java:126)
	at org.sqlite.core.DB.prepare(DB.java:264)
	at org.sqlite.core.CorePreparedStatement.<init>(CorePreparedStatement.java:46)
	at org.sqlite.jdbc3.JDBC3PreparedStatement.<init>(JDBC3PreparedStatement.java:31)
	at org.sqlite.jdbc4.JDBC4PreparedStatement.<init>(JDBC4PreparedStatement.java:25)
	at org.sqlite.jdbc4.JDBC4Connection.prepareStatement(JDBC4Connection.java:34)
	at org.sqlite.jdbc3.JDBC3Connection.prepareStatement(JDBC3Connection.java:226)
	at org.sqlite.jdbc3.JDBC3Connection.prepareStatement(JDBC3Connection.java:206)
	at com.uniplanner.persistence.DatabaseManager.saveTimeSlot(DatabaseManager.java:575)
	at com.uniplanner.UniPlannerController.initializeDefaultTimeSlots(UniPlannerController.java:69)
	at com.uniplanner.UniPlannerController.<init>(UniPlannerController.java:33)
	at com.uniplanner.api.ApiController.<clinit>(ApiController.java:44)
	at java.base/jdk.internal.misc.Unsafe.ensureClassInitialized0(Native Method)
	at java.base/jdk.internal.misc.Unsafe.ensureClassInitialized(Unsafe.java:1169)
	at java.base/jdk.internal.reflect.MethodHandleAccessorFactory.ensureClassInitialized(MethodHandleAccessorFactory.java:341)
	at java.base/jdk.internal.reflect.MethodHandleAccessorFactory.newConstructorAccessor(MethodHandleAccessorFactory.java:104)
	at java.base/jdk.internal.reflect.ReflectionFactory.newConstructorAccessor(ReflectionFactory.java:138)
	at java.base/java.lang.reflect.Constructor.acquireConstructorAccessor(Constructor.java:546)
	at java.base/java.lang.reflect.Constructor.newInstanceWithCaller(Constructor.java:496)
	at java.base/java.lang.reflect.Constructor.newInstance(Constructor.java:483)
	at org.springframework.beans.BeanUtils.instantiateClass(BeanUtils.java:197)
	at org.springframework.beans.factory.support.SimpleInstantiationStrategy.instantiate(SimpleInstantiationStrategy.java:87)
	at org.springframework.beans.factory.support.AbstractAutowireCapableBeanFactory.instantiateBean(AbstractAutowireCapableBeanFactory.java:1300)
	at org.springframework.beans.factory.support.AbstractAutowireCapableBeanFactory.createBeanInstance(AbstractAutowireCapableBeanFactory.java:1198)
	at org.springframework.beans.factory.support.AbstractAutowireCapableBeanFactory.doCreateBean(AbstractAutowireCapableBeanFactory.java:561)
	at org.springframework.beans.factory.support.AbstractAutowireCapableBeanFactory.createBean(AbstractAutowireCapableBeanFactory.java:521)
	at org.springframework.beans.factory.support.AbstractBeanFactory.lambda$doGetBean$0(AbstractBeanFactory.java:326)
	at org.springframework.beans.factory.support.DefaultSingletonBeanRegistry.getSingleton(DefaultSingletonBeanRegistry.java:234)
	at org.springframework.beans.factory.support.AbstractBeanFactory.doGetBean(AbstractBeanFactory.java:324)
	at org.springframework.beans.factory.support.AbstractBeanFactory.getBean(AbstractBeanFactory.java:200)
	at org.springframework.beans.factory.support.DefaultListableBeanFactory.preInstantiateSingletons(DefaultListableBeanFactory.java:961)
	at org.springframework.context.support.AbstractApplicationContext.finishBeanFactoryInitialization(AbstractApplicationContext.java:915)
	at org.springframework.context.support.AbstractApplicationContext.refresh(AbstractApplicationContext.java:584)
	at org.springframework.boot.web.servlet.context.ServletWebServerApplicationContext.refresh(ServletWebServerApplicationContext.java:146)
	at org.springframework.boot.SpringApplication.refresh(SpringApplication.java:730)
	at org.springframework.boot.SpringApplication.refreshContext(SpringApplication.java:432)
	at org.springframework.boot.SpringApplication.run(SpringApplication.java:308)
	at org.springframework.boot.SpringApplication.run(SpringApplication.java:1302)
	at org.springframework.boot.SpringApplication.run(SpringApplication.java:1291)
	at com.uniplanner.Main.main(Main.java:13)
Error saving time slot: [SQLITE_IOERR_DELETE] I/O error within xDelete (disk I/O error)
org.sqlite.SQLiteException: [SQLITE_IOERR_DELETE] I/O error within xDelete (disk I/O error)
	at org.sqlite.core.DB.newSQLException(DB.java:1179)
	at org.sqlite.core.DB.newSQLException(DB.java:1190)
	at org.sqlite.core.DB.throwex(DB.java:1150)
	at org.sqlite.core.NativeDB.prepare_utf8(Native Method)
	at org.sqlite.core.NativeDB.prepare(NativeDB.java:126)
	at org.sqlite.core.DB.prepare(DB.java:264)
	at org.sqlite.core.CorePreparedStatement.<init>(CorePreparedStatement.java:46)
	at org.sqlite.jdbc3.JDBC3PreparedStatement.<init>(JDBC3PreparedStatement.java:31)
	at org.sqlite.jdbc4.JDBC4PreparedStatement.<init>(JDBC4PreparedStatement.java:25)
	at org.sqlite.jdbc4.JDBC4Connection.prepareStatement(JDBC4Connection.java:34)
	at org.sqlite.jdbc3.JDBC3Connection.prepareStatement(JDBC3Connection.java:226)
	at org.sqlite.jdbc3.JDBC3Connection.prepareStatement(JDBC3Connection.java:206)
	at com.uniplanner.persistence.DatabaseManager.saveTimeSlot(DatabaseManager.java:575)
	at com.uniplanner.UniPlannerController.initializeDefaultTimeSlots(UniPlannerController.java:69)
	at com.uniplanner.UniPlannerController.<init>(UniPlannerController.java:33)
	at com.uniplanner.api.ApiController.<clinit>(ApiController.java:44)
	at java.base/jdk.internal.misc.Unsafe.ensureClassInitialized0(Native Method)
	at java.base/jdk.internal.misc.Unsafe.ensureClassInitialized(Unsafe.java:1169)
	at java.base/jdk.internal.reflect.MethodHandleAccessorFactory.ensureClassInitialized(MethodHandleAccessorFactory.java:341)
	at java.base/jdk.internal.reflect.MethodHandleAccessorFactory.newConstructorAccessor(MethodHandleAccessorFactory.java:104)
	at java.base/jdk.internal.reflect.ReflectionFactory.newConstructorAccessor(ReflectionFactory.java:138)
	at java.base/java.lang.reflect.Constructor.acquireConstructorAccessor(Constructor.java:546)
	at java.base/java.lang.reflect.Constructor.newInstanceWithCaller(Constructor.java:496)
	at java.base/java.lang.reflect.Constructor.newInstance(Constructor.java:483)
	at org.springframework.beans.BeanUtils.instantiateClass(BeanUtils.java:197)
	at org.springframework.beans.factory.support.SimpleInstantiationStrategy.instantiate(SimpleInstantiationStrategy.java:87)
	at org.springframework.beans.factory.support.AbstractAutowireCapableBeanFactory.instantiateBean(AbstractAutowireCapableBeanFactory.java:1300)
	at org.springframework.beans.factory.support.AbstractAutowireCapableBeanFactory.createBeanInstance(AbstractAutowireCapableBeanFactory.java:1198)
	at org.springframework.beans.factory.support.AbstractAutowireCapableBeanFactory.doCreateBean(AbstractAutowireCapableBeanFactory.java:561)
	at org.springframework.beans.factory.support.AbstractAutowireCapableBeanFactory.createBean(AbstractAutowireCapableBeanFactory.java:521)
	at org.springframework.beans.factory.support.AbstractBeanFactory.lambda$doGetBean$0(AbstractBeanFactory.java:326)
	at org.springframework.beans.factory.support.DefaultSingletonBeanRegistry.getSingleton(DefaultSingletonBeanRegistry.java:234)
	at org.springframework.beans.factory.support.AbstractBeanFactory.doGetBean(AbstractBeanFactory.java:324)
	at org.springframework.beans.factory.support.AbstractBeanFactory.getBean(AbstractBeanFactory.java:200)
	at org.springframework.beans.factory.support.DefaultListableBeanFactory.preInstantiateSingletons(DefaultListableBeanFactory.java:961)
	at org.springframework.context.support.AbstractApplicationContext.finishBeanFactoryInitialization(AbstractApplicationContext.java:915)
	at org.springframework.context.support.AbstractApplicationContext.refresh(AbstractApplicationContext.java:584)
	at org.springframework.boot.web.servlet.context.ServletWebServerApplicationContext.refresh(ServletWebServerApplicationContext.java:146)
	at org.springframework.boot.SpringApplication.refresh(SpringApplication.java:730)
	at org.springframework.boot.SpringApplication.refreshContext(SpringApplication.java:432)
	at org.springframework.boot.SpringApplication.run(SpringApplication.java:308)
	at org.springframework.boot.SpringApplication.run(SpringApplication.java:1302)
	at org.springframework.boot.SpringApplication.run(SpringApplication.java:1291)
	at com.uniplanner.Main.main(Main.java:13)
Error saving time slot: [SQLITE_IOERR_DELETE] I/O error within xDelete (disk I/O error)
org.sqlite.SQLiteException: [SQLITE_IOERR_DELETE] I/O error within xDelete (disk I/O error)
	at org.sqlite.core.DB.newSQLException(DB.java:1179)
	at org.sqlite.core.DB.newSQLException(DB.java:1190)
	at org.sqlite.core.DB.throwex(DB.java:1150)
	at org.sqlite.core.NativeDB.prepare_utf8(Native Method)
	at org.sqlite.core.NativeDB.prepare(NativeDB.java:126)
	at org.sqlite.core.DB.prepare(DB.java:264)
	at org.sqlite.core.CorePreparedStatement.<init>(CorePreparedStatement.java:46)
	at org.sqlite.jdbc3.JDBC3PreparedStatement.<init>(JDBC3PreparedStatement.java:31)
	at org.sqlite.jdbc4.JDBC4PreparedStatement.<init>(JDBC4PreparedStatement.java:25)
	at org.sqlite.jdbc4.JDBC4Connection.prepareStatement(JDBC4Connection.java:34)
	at org.sqlite.jdbc3.JDBC3Connection.prepareStatement(JDBC3Connection.java:226)
	at org.sqlite.jdbc3.JDBC3Connection.prepareStatement(JDBC3Connection.java:206)
	at com.uniplanner.persistence.DatabaseManager.saveTimeSlot(DatabaseManager.java:575)
	at com.uniplanner.UniPlannerController.initializeDefaultTimeSlots(UniPlannerController.java:69)
	at com.uniplanner.UniPlannerController.<init>(UniPlannerController.java:33)
	at com.uniplanner.api.ApiController.<clinit>(ApiController.java:44)
	at java.base/jdk.internal.misc.Unsafe.ensureClassInitialized0(Native Method)
	at java.base/jdk.internal.misc.Unsafe.ensureClassInitialized(Unsafe.java:1169)
	at java.base/jdk.internal.reflect.MethodHandleAccessorFactory.ensureClassInitialized(MethodHandleAccessorFactory.java:341)
	at java.base/jdk.internal.reflect.MethodHandleAccessorFactory.newConstructorAccessor(MethodHandleAccessorFactory.java:104)
	at java.base/jdk.internal.reflect.ReflectionFactory.newConstructorAccessor(ReflectionFactory.java:138)
	at java.base/java.lang.reflect.Constructor.acquireConstructorAccessor(Constructor.java:546)
	at java.base/java.lang.reflect.Constructor.newInstanceWithCaller(Constructor.java:496)
	at java.base/java.lang.reflect.Constructor.newInstance(Constructor.java:483)
	at org.springframework.beans.BeanUtils.instantiateClass(BeanUtils.java:197)
	at org.springframework.beans.factory.support.SimpleInstantiationStrategy.instantiate(SimpleInstantiationStrategy.java:87)
	at org.springframework.beans.factory.support.AbstractAutowireCapableBeanFactory.instantiateBean(AbstractAutowireCapableBeanFactory.java:1300)
	at org.springframework.beans.factory.support.AbstractAutowireCapableBeanFactory.createBeanInstance(AbstractAutowireCapableBeanFactory.java:1198)
	at org.springframework.beans.factory.support.AbstractAutowireCapableBeanFactory.doCreateBean(AbstractAutowireCapableBeanFactory.java:561)
	at org.springframework.beans.factory.support.AbstractAutowireCapableBeanFactory.createBean(AbstractAutowireCapableBeanFactory.java:521)
	at org.springframework.beans.factory.support.AbstractBeanFactory.lambda$doGetBean$0(AbstractBeanFactory.java:326)
	at org.springframework.beans.factory.support.DefaultSingletonBeanRegistry.getSingleton(DefaultSingletonBeanRegistry.java:234)
	at org.springframework.beans.factory.support.AbstractBeanFactory.doGetBean(AbstractBeanFactory.java:324)
	at org.springframework.beans.factory.support.AbstractBeanFactory.getBean(AbstractBeanFactory.java:200)
	at org.springframework.beans.factory.support.DefaultListableBeanFactory.preInstantiateSingletons(DefaultListableBeanFactory.java:961)
	at org.springframework.context.support.AbstractApplicationContext.finishBeanFactoryInitialization(AbstractApplicationContext.java:915)
	at org.springframework.context.support.AbstractApplicationContext.refresh(AbstractApplicationContext.java:584)
	at org.springframework.boot.web.servlet.context.ServletWebServerApplicationContext.refresh(ServletWebServerApplicationContext.java:146)
	at org.springframework.boot.SpringApplication.refresh(SpringApplication.java:730)
	at org.springframework.boot.SpringApplication.refreshContext(SpringApplication.java:432)
	at org.springframework.boot.SpringApplication.run(SpringApplication.java:308)
	at org.springframework.boot.SpringApplication.run(SpringApplication.java:1302)
	at org.springframework.boot.SpringApplication.run(SpringApplication.java:1291)
	at com.uniplanner.Main.main(Main.java:13)
Error saving time slot: [SQLITE_IOERR_DELETE] I/O error within xDelete (disk I/O error)
org.sqlite.SQLiteException: [SQLITE_IOERR_DELETE] I/O error within xDelete (disk I/O error)
	at org.sqlite.core.DB.newSQLException(DB.java:1179)
	at org.sqlite.core.DB.newSQLException(DB.java:1190)
	at org.sqlite.core.DB.throwex(DB.java:1150)
	at org.sqlite.core.NativeDB.prepare_utf8(Native Method)
	at org.sqlite.core.NativeDB.prepare(NativeDB.java:126)
	at org.sqlite.core.DB.prepare(DB.java:264)
	at org.sqlite.core.CorePreparedStatement.<init>(CorePreparedStatement.java:46)
	at org.sqlite.jdbc3.JDBC3PreparedStatement.<init>(JDBC3PreparedStatement.java:31)
	at org.sqlite.jdbc4.JDBC4PreparedStatement.<init>(JDBC4PreparedStatement.java:25)
	at org.sqlite.jdbc4.JDBC4Connection.prepareStatement(JDBC4Connection.java:34)
	at org.sqlite.jdbc3.JDBC3Connection.prepareStatement(JDBC3Connection.java:226)
	at org.sqlite.jdbc3.JDBC3Connection.prepareStatement(JDBC3Connection.java:206)
	at com.uniplanner.persistence.DatabaseManager.saveTimeSlot(DatabaseManager.java:575)
	at com.uniplanner.UniPlannerController.initializeDefaultTimeSlots(UniPlannerController.java:69)
	at com.uniplanner.UniPlannerController.<init>(UniPlannerController.java:33)
	at com.uniplanner.api.ApiController.<clinit>(ApiController.java:44)
	at java.base/jdk.internal.misc.Unsafe.ensureClassInitialized0(Native Method)
	at java.base/jdk.internal.misc.Unsafe.ensureClassInitialized(Unsafe.java:1169)
	at java.base/jdk.internal.reflect.MethodHandleAccessorFactory.ensureClassInitialized(MethodHandleAccessorFactory.java:341)
	at java.base/jdk.internal.reflect.MethodHandleAccessorFactory.newConstructorAccessor(MethodHandleAccessorFactory.java:104)
	at java.base/jdk.internal.reflect.ReflectionFactory.newConstructorAccessor(ReflectionFactory.java:138)
	at java.base/java.lang.reflect.Constructor.acquireConstructorAccessor(Constructor.java:546)
	at java.base/java.lang.reflect.Constructor.newInstanceWithCaller(Constructor.java:496)
	at java.base/java.lang.reflect.Constructor.newInstance(Constructor.java:483)
	at org.springframework.beans.BeanUtils.instantiateClass(BeanUtils.java:197)
	at org.springframework.beans.factory.support.SimpleInstantiationStrategy.instantiate(SimpleInstantiationStrategy.java:87)
	at org.springframework.beans.factory.support.AbstractAutowireCapableBeanFactory.instantiateBean(AbstractAutowireCapableBeanFactory.java:1300)
	at org.springframework.beans.factory.support.AbstractAutowireCapableBeanFactory.createBeanInstance(AbstractAutowireCapableBeanFactory.java:1198)
	at org.springframework.beans.factory.support.AbstractAutowireCapableBeanFactory.doCreateBean(AbstractAutowireCapableBeanFactory.java:561)
	at org.springframework.beans.factory.support.AbstractAutowireCapableBeanFactory.createBean(AbstractAutowireCapableBeanFactory.java:521)
	at org.springframework.beans.factory.support.AbstractBeanFactory.lambda$doGetBean$0(AbstractBeanFactory.java:326)
	at org.springframework.beans.factory.support.DefaultSingletonBeanRegistry.getSingleton(DefaultSingletonBeanRegistry.java:234)
	at org.springframework.beans.factory.support.AbstractBeanFactory.doGetBean(AbstractBeanFactory.java:324)
	at org.springframework.beans.factory.support.AbstractBeanFactory.getBean(AbstractBeanFactory.java:200)
	at org.springframework.beans.factory.support.DefaultListableBeanFactory.preInstantiateSingletons(DefaultListableBeanFactory.java:961)
	at org.springframework.context.support.AbstractApplicationContext.finishBeanFactoryInitialization(AbstractApplicationContext.java:915)
	at org.springframework.context.support.AbstractApplicationContext.refresh(AbstractApplicationContext.java:584)
	at org.springframework.boot.web.servlet.context.ServletWebServerApplicationContext.refresh(ServletWebServerApplicationContext.java:146)
	at org.springframework.boot.SpringApplication.refresh(SpringApplication.java:730)
	at org.springframework.boot.SpringApplication.refreshContext(SpringApplication.java:432)
	at org.springframework.boot.SpringApplication.run(SpringApplication.java:308)
	at org.springframework.boot.SpringApplication.run(SpringApplication.java:1302)
	at org.springframework.boot.SpringApplication.run(SpringApplication.java:1291)
	at com.uniplanner.Main.main(Main.java:13)
Error saving time slot: [SQLITE_IOERR_DELETE] I/O error within xDelete (disk I/O error)
org.sqlite.SQLiteException: [SQLITE_IOERR_DELETE] I/O error within xDelete (disk I/O error)
	at org.sqlite.core.DB.newSQLException(DB.java:1179)
	at org.sqlite.core.DB.newSQLException(DB.java:1190)
	at org.sqlite.core.DB.throwex(DB.java:1150)
	at org.sqlite.core.NativeDB.prepare_utf8(Native Method)
	at org.sqlite.core.NativeDB.prepare(NativeDB.java:126)
	at org.sqlite.core.DB.prepare(DB.java:264)
	at org.sqlite.core.CorePreparedStatement.<init>(CorePreparedStatement.java:46)
	at org.sqlite.jdbc3.JDBC3PreparedStatement.<init>(JDBC3PreparedStatement.java:31)
	at org.sqlite.jdbc4.JDBC4PreparedStatement.<init>(JDBC4PreparedStatement.java:25)
	at org.sqlite.jdbc4.JDBC4Connection.prepareStatement(JDBC4Connection.java:34)
	at org.sqlite.jdbc3.JDBC3Connection.prepareStatement(JDBC3Connection.java:226)
	at org.sqlite.jdbc3.JDBC3Connection.prepareStatement(JDBC3Connection.java:206)
	at com.uniplanner.persistence.DatabaseManager.saveTimeSlot(DatabaseManager.java:575)
	at com.uniplanner.UniPlannerController.initializeDefaultTimeSlots(UniPlannerController.java:69)
	at com.uniplanner.UniPlannerController.<init>(UniPlannerController.java:33)
	at com.uniplanner.api.ApiController.<clinit>(ApiController.java:44)
	at java.base/jdk.internal.misc.Unsafe.ensureClassInitialized0(Native Method)
	at java.base/jdk.internal.misc.Unsafe.ensureClassInitialized(Unsafe.java:1169)
	at java.base/jdk.internal.reflect.MethodHandleAccessorFactory.ensureClassInitialized(MethodHandleAccessorFactory.java:341)
	at java.base/jdk.internal.reflect.MethodHandleAccessorFactory.newConstructorAccessor(MethodHandleAccessorFactory.java:104)
	at java.base/jdk.internal.reflect.ReflectionFactory.newConstructorAccessor(ReflectionFactory.java:138)
	at java.base/java.lang.reflect.Constructor.acquireConstructorAccessor(Constructor.java:546)
	at java.base/java.lang.reflect.Constructor.newInstanceWithCaller(Constructor.java:496)
	at java.base/java.lang.reflect.Constructor.newInstance(Constructor.java:483)
	at org.springframework.beans.BeanUtils.instantiateClass(BeanUtils.java:197)
	at org.springframework.beans.factory.support.SimpleInstantiationStrategy.instantiate(SimpleInstantiationStrategy.java:87)
	at org.springframework.beans.factory.support.AbstractAutowireCapableBeanFactory.instantiateBean(AbstractAutowireCapableBeanFactory.java:1300)
	at org.springframework.beans.factory.support.AbstractAutowireCapableBeanFactory.createBeanInstance(AbstractAutowireCapableBeanFactory.java:1198)
	at org.springframework.beans.factory.support.AbstractAutowireCapableBeanFactory.doCreateBean(AbstractAutowireCapableBeanFactory.java:561)
	at org.springframework.beans.factory.support.AbstractAutowireCapableBeanFactory.createBean(AbstractAutowireCapableBeanFactory.java:521)
	at org.springframework.beans.factory.support.AbstractBeanFactory.lambda$doGetBean$0(AbstractBeanFactory.java:326)
	at org.springframework.beans.factory.support.DefaultSingletonBeanRegistry.getSingleton(DefaultSingletonBeanRegistry.java:234)
	at org.springframework.beans.factory.support.AbstractBeanFactory.doGetBean(AbstractBeanFactory.java:324)
	at org.springframework.beans.factory.support.AbstractBeanFactory.getBean(AbstractBeanFactory.java:200)
	at org.springframework.beans.factory.support.DefaultListableBeanFactory.preInstantiateSingletons(DefaultListableBeanFactory.java:961)
	at org.springframework.context.support.AbstractApplicationContext.finishBeanFactoryInitialization(AbstractApplicationContext.java:915)
	at org.springframework.context.support.AbstractApplicationContext.refresh(AbstractApplicationContext.java:584)
	at org.springframework.boot.web.servlet.context.ServletWebServerApplicationContext.refresh(ServletWebServerApplicationContext.java:146)
	at org.springframework.boot.SpringApplication.refresh(SpringApplication.java:730)
	at org.springframework.boot.SpringApplication.refreshContext(SpringApplication.java:432)
	at org.springframework.boot.SpringApplication.run(SpringApplication.java:308)
	at org.springframework.boot.SpringApplication.run(SpringApplication.java:1302)
	at org.springframework.boot.SpringApplication.run(SpringApplication.java:1291)
	at com.uniplanner.Main.main(Main.java:13)
Error saving time slot: [SQLITE_IOERR_DELETE] I/O error within xDelete (disk I/O error)
org.sqlite.SQLiteException: [SQLITE_IOERR_DELETE] I/O error within xDelete (disk I/O error)
	at org.sqlite.core.DB.newSQLException(DB.java:1179)
	at org.sqlite.core.DB.newSQLException(DB.java:1190)
	at org.sqlite.core.DB.throwex(DB.java:1150)
	at org.sqlite.core.NativeDB.prepare_utf8(Native Method)
	at org.sqlite.core.NativeDB.prepare(NativeDB.java:126)
	at org.sqlite.core.DB.prepare(DB.java:264)
	at org.sqlite.core.CorePreparedStatement.<init>(CorePreparedStatement.java:46)
	at org.sqlite.jdbc3.JDBC3PreparedStatement.<init>(JDBC3PreparedStatement.java:31)
	at org.sqlite.jdbc4.JDBC4PreparedStatement.<init>(JDBC4PreparedStatement.java:25)
	at org.sqlite.jdbc4.JDBC4Connection.prepareStatement(JDBC4Connection.java:34)
	at org.sqlite.jdbc3.JDBC3Connection.prepareStatement(JDBC3Connection.java:226)
	at org.sqlite.jdbc3.JDBC3Connection.prepareStatement(JDBC3Connection.java:206)
	at com.uniplanner.persistence.DatabaseManager.saveTimeSlot(DatabaseManager.java:575)
	at com.uniplanner.UniPlannerController.initializeDefaultTimeSlots(UniPlannerController.java:69)
	at com.uniplanner.UniPlannerController.<init>(UniPlannerController.java:33)
	at com.uniplanner.api.ApiController.<clinit>(ApiController.java:44)
	at java.base/jdk.internal.misc.Unsafe.ensureClassInitialized0(Native Method)
	at java.base/jdk.internal.misc.Unsafe.ensureClassInitialized(Unsafe.java:1169)
	at java.base/jdk.internal.reflect.MethodHandleAccessorFactory.ensureClassInitialized(MethodHandleAccessorFactory.java:341)
	at java.base/jdk.internal.reflect.MethodHandleAccessorFactory.newConstructorAccessor(MethodHandleAccessorFactory.java:104)
	at java.base/jdk.internal.reflect.ReflectionFactory.newConstructorAccessor(ReflectionFactory.java:138)
	at java.base/java.lang.reflect.Constructor.acquireConstructorAccessor(Constructor.java:546)
	at java.base/java.lang.reflect.Constructor.newInstanceWithCaller(Constructor.java:496)
	at java.base/java.lang.reflect.Constructor.newInstance(Constructor.java:483)
	at org.springframework.beans.BeanUtils.instantiateClass(BeanUtils.java:197)
	at org.springframework.beans.factory.support.SimpleInstantiationStrategy.instantiate(SimpleInstantiationStrategy.java:87)
	at org.springframework.beans.factory.support.AbstractAutowireCapableBeanFactory.instantiateBean(AbstractAutowireCapableBeanFactory.java:1300)
	at org.springframework.beans.factory.support.AbstractAutowireCapableBeanFactory.createBeanInstance(AbstractAutowireCapableBeanFactory.java:1198)
	at org.springframework.beans.factory.support.AbstractAutowireCapableBeanFactory.doCreateBean(AbstractAutowireCapableBeanFactory.java:561)
	at org.springframework.beans.factory.support.AbstractAutowireCapableBeanFactory.createBean(AbstractAutowireCapableBeanFactory.java:521)
	at org.springframework.beans.factory.support.AbstractBeanFactory.lambda$doGetBean$0(AbstractBeanFactory.java:326)
	at org.springframework.beans.factory.support.DefaultSingletonBeanRegistry.getSingleton(DefaultSingletonBeanRegistry.java:234)
	at org.springframework.beans.factory.support.AbstractBeanFactory.doGetBean(AbstractBeanFactory.java:324)
	at org.springframework.beans.factory.support.AbstractBeanFactory.getBean(AbstractBeanFactory.java:200)
	at org.springframework.beans.factory.support.DefaultListableBeanFactory.preInstantiateSingletons(DefaultListableBeanFactory.java:961)
	at org.springframework.context.support.AbstractApplicationContext.finishBeanFactoryInitialization(AbstractApplicationContext.java:915)
	at org.springframework.context.support.AbstractApplicationContext.refresh(AbstractApplicationContext.java:584)
	at org.springframework.boot.web.servlet.context.ServletWebServerApplicationContext.refresh(ServletWebServerApplicationContext.java:146)
	at org.springframework.boot.SpringApplication.refresh(SpringApplication.java:730)
	at org.springframework.boot.SpringApplication.refreshContext(SpringApplication.java:432)
	at org.springframework.boot.SpringApplication.run(SpringApplication.java:308)
	at org.springframework.boot.SpringApplication.run(SpringApplication.java:1302)
	at org.springframework.boot.SpringApplication.run(SpringApplication.java:1291)
	at com.uniplanner.Main.main(Main.java:13)
Error saving time slot: [SQLITE_IOERR_DELETE] I/O error within xDelete (disk I/O error)
org.sqlite.SQLiteException: [SQLITE_IOERR_DELETE] I/O error within xDelete (disk I/O error)
	at org.sqlite.core.DB.newSQLException(DB.java:1179)
	at org.sqlite.core.DB.newSQLException(DB.java:1190)
	at org.sqlite.core.DB.throwex(DB.java:1150)
	at org.sqlite.core.NativeDB.prepare_utf8(Native Method)
	at org.sqlite.core.NativeDB.prepare(NativeDB.java:126)
	at org.sqlite.core.DB.prepare(DB.java:264)
	at org.sqlite.core.CorePreparedStatement.<init>(CorePreparedStatement.java:46)
	at org.sqlite.jdbc3.JDBC3PreparedStatement.<init>(JDBC3PreparedStatement.java:31)
	at org.sqlite.jdbc4.JDBC4PreparedStatement.<init>(JDBC4PreparedStatement.java:25)
	at org.sqlite.jdbc4.JDBC4Connection.prepareStatement(JDBC4Connection.java:34)
	at org.sqlite.jdbc3.JDBC3Connection.prepareStatement(JDBC3Connection.java:226)
	at org.sqlite.jdbc3.JDBC3Connection.prepareStatement(JDBC3Connection.java:206)
	at com.uniplanner.persistence.DatabaseManager.saveTimeSlot(DatabaseManager.java:575)
	at com.uniplanner.UniPlannerController.initializeDefaultTimeSlots(UniPlannerController.java:69)
	at com.uniplanner.UniPlannerController.<init>(UniPlannerController.java:33)
	at com.uniplanner.api.ApiController.<clinit>(ApiController.java:44)
	at java.base/jdk.internal.misc.Unsafe.ensureClassInitialized0(Native Method)
	at java.base/jdk.internal.misc.Unsafe.ensureClassInitialized(Unsafe.java:1169)
	at java.base/jdk.internal.reflect.MethodHandleAccessorFactory.ensureClassInitialized(MethodHandleAccessorFactory.java:341)
	at java.base/jdk.internal.reflect.MethodHandleAccessorFactory.newConstructorAccessor(MethodHandleAccessorFactory.java:104)
	at java.base/jdk.internal.reflect.ReflectionFactory.newConstructorAccessor(ReflectionFactory.java:138)
	at java.base/java.lang.reflect.Constructor.acquireConstructorAccessor(Constructor.java:546)
	at java.base/java.lang.reflect.Constructor.newInstanceWithCaller(Constructor.java:496)
	at java.base/java.lang.reflect.Constructor.newInstance(Constructor.java:483)
	at org.springframework.beans.BeanUtils.instantiateClass(BeanUtils.java:197)
	at org.springframework.beans.factory.support.SimpleInstantiationStrategy.instantiate(SimpleInstantiationStrategy.java:87)
	at org.springframework.beans.factory.support.AbstractAutowireCapableBeanFactory.instantiateBean(AbstractAutowireCapableBeanFactory.java:1300)
	at org.springframework.beans.factory.support.AbstractAutowireCapableBeanFactory.createBeanInstance(AbstractAutowireCapableBeanFactory.java:1198)
	at org.springframework.beans.factory.support.AbstractAutowireCapableBeanFactory.doCreateBean(AbstractAutowireCapableBeanFactory.java:561)
	at org.springframework.beans.factory.support.AbstractAutowireCapableBeanFactory.createBean(AbstractAutowireCapableBeanFactory.java:521)
	at org.springframework.beans.factory.support.AbstractBeanFactory.lambda$doGetBean$0(AbstractBeanFactory.java:326)
	at org.springframework.beans.factory.support.DefaultSingletonBeanRegistry.getSingleton(DefaultSingletonBeanRegistry.java:234)
	at org.springframework.beans.factory.support.AbstractBeanFactory.doGetBean(AbstractBeanFactory.java:324)
	at org.springframework.beans.factory.support.AbstractBeanFactory.getBean(AbstractBeanFactory.java:200)
	at org.springframework.beans.factory.support.DefaultListableBeanFactory.preInstantiateSingletons(DefaultListableBeanFactory.java:961)
	at org.springframework.context.support.AbstractApplicationContext.finishBeanFactoryInitialization(AbstractApplicationContext.java:915)
	at org.springframework.context.support.AbstractApplicationContext.refresh(AbstractApplicationContext.java:584)
	at org.springframework.boot.web.servlet.context.ServletWebServerApplicationContext.refresh(ServletWebServerApplicationContext.java:146)
	at org.springframework.boot.SpringApplication.refresh(SpringApplication.java:730)
	at org.springframework.boot.SpringApplication.refreshContext(SpringApplication.java:432)
	at org.springframework.boot.SpringApplication.run(SpringApplication.java:308)
	at org.springframework.boot.SpringApplication.run(SpringApplication.java:1302)
	at org.springframework.boot.SpringApplication.run(SpringApplication.java:1291)
	at com.uniplanner.Main.main(Main.java:13)
Error saving time slot: [SQLITE_IOERR_DELETE] I/O error within xDelete (disk I/O error)
org.sqlite.SQLiteException: [SQLITE_IOERR_DELETE] I/O error within xDelete (disk I/O error)
	at org.sqlite.core.DB.newSQLException(DB.java:1179)
	at org.sqlite.core.DB.newSQLException(DB.java:1190)
	at org.sqlite.core.DB.throwex(DB.java:1150)
	at org.sqlite.core.NativeDB.prepare_utf8(Native Method)
	at org.sqlite.core.NativeDB.prepare(NativeDB.java:126)
	at org.sqlite.core.DB.prepare(DB.java:264)
	at org.sqlite.core.CorePreparedStatement.<init>(CorePreparedStatement.java:46)
	at org.sqlite.jdbc3.JDBC3PreparedStatement.<init>(JDBC3PreparedStatement.java:31)
	at org.sqlite.jdbc4.JDBC4PreparedStatement.<init>(JDBC4PreparedStatement.java:25)
	at org.sqlite.jdbc4.JDBC4Connection.prepareStatement(JDBC4Connection.java:34)
	at org.sqlite.jdbc3.JDBC3Connection.prepareStatement(JDBC3Connection.java:226)
	at org.sqlite.jdbc3.JDBC3Connection.prepareStatement(JDBC3Connection.java:206)
	at com.uniplanner.persistence.DatabaseManager.saveTimeSlot(DatabaseManager.java:575)
	at com.uniplanner.UniPlannerController.initializeDefaultTimeSlots(UniPlannerController.java:69)
	at com.uniplanner.UniPlannerController.<init>(UniPlannerController.java:33)
	at com.uniplanner.api.ApiController.<clinit>(ApiController.java:44)
	at java.base/jdk.internal.misc.Unsafe.ensureClassInitialized0(Native Method)
	at java.base/jdk.internal.misc.Unsafe.ensureClassInitialized(Unsafe.java:1169)
	at java.base/jdk.internal.reflect.MethodHandleAccessorFactory.ensureClassInitialized(MethodHandleAccessorFactory.java:341)
	at java.base/jdk.internal.reflect.MethodHandleAccessorFactory.newConstructorAccessor(MethodHandleAccessorFactory.java:104)
	at java.base/jdk.internal.reflect.ReflectionFactory.newConstructorAccessor(ReflectionFactory.java:138)
	at java.base/java.lang.reflect.Constructor.acquireConstructorAccessor(Constructor.java:546)
	at java.base/java.lang.reflect.Constructor.newInstanceWithCaller(Constructor.java:496)
	at java.base/java.lang.reflect.Constructor.newInstance(Constructor.java:483)
	at org.springframework.beans.BeanUtils.instantiateClass(BeanUtils.java:197)
	at org.springframework.beans.factory.support.SimpleInstantiationStrategy.instantiate(SimpleInstantiationStrategy.java:87)
	at org.springframework.beans.factory.support.AbstractAutowireCapableBeanFactory.instantiateBean(AbstractAutowireCapableBeanFactory.java:1300)
	at org.springframework.beans.factory.support.AbstractAutowireCapableBeanFactory.createBeanInstance(AbstractAutowireCapableBeanFactory.java:1198)
	at org.springframework.beans.factory.support.AbstractAutowireCapableBeanFactory.doCreateBean(AbstractAutowireCapableBeanFactory.java:561)
	at org.springframework.beans.factory.support.AbstractAutowireCapableBeanFactory.createBean(AbstractAutowireCapableBeanFactory.java:521)
	at org.springframework.beans.factory.support.AbstractBeanFactory.lambda$doGetBean$0(AbstractBeanFactory.java:326)
	at org.springframework.beans.factory.support.DefaultSingletonBeanRegistry.getSingleton(DefaultSingletonBeanRegistry.java:234)
	at org.springframework.beans.factory.support.AbstractBeanFactory.doGetBean(AbstractBeanFactory.java:324)
	at org.springframework.beans.factory.support.AbstractBeanFactory.getBean(AbstractBeanFactory.java:200)
	at org.springframework.beans.factory.support.DefaultListableBeanFactory.preInstantiateSingletons(DefaultListableBeanFactory.java:961)
	at org.springframework.context.support.AbstractApplicationContext.finishBeanFactoryInitialization(AbstractApplicationContext.java:915)
	at org.springframework.context.support.AbstractApplicationContext.refresh(AbstractApplicationContext.java:584)
	at org.springframework.boot.web.servlet.context.ServletWebServerApplicationContext.refresh(ServletWebServerApplicationContext.java:146)
	at org.springframework.boot.SpringApplication.refresh(SpringApplication.java:730)
	at org.springframework.boot.SpringApplication.refreshContext(SpringApplication.java:432)
	at org.springframework.boot.SpringApplication.run(SpringApplication.java:308)
	at org.springframework.boot.SpringApplication.run(SpringApplication.java:1302)
	at org.springframework.boot.SpringApplication.run(SpringApplication.java:1291)
	at com.uniplanner.Main.main(Main.java:13)
Error saving time slot: [SQLITE_IOERR_DELETE] I/O error within xDelete (disk I/O error)
org.sqlite.SQLiteException: [SQLITE_IOERR_DELETE] I/O error within xDelete (disk I/O error)
	at org.sqlite.core.DB.newSQLException(DB.java:1179)
	at org.sqlite.core.DB.newSQLException(DB.java:1190)
	at org.sqlite.core.DB.throwex(DB.java:1150)
	at org.sqlite.core.NativeDB.prepare_utf8(Native Method)
	at org.sqlite.core.NativeDB.prepare(NativeDB.java:126)
	at org.sqlite.core.DB.prepare(DB.java:264)
	at org.sqlite.core.CorePreparedStatement.<init>(CorePreparedStatement.java:46)
	at org.sqlite.jdbc3.JDBC3PreparedStatement.<init>(JDBC3PreparedStatement.java:31)
	at org.sqlite.jdbc4.JDBC4PreparedStatement.<init>(JDBC4PreparedStatement.java:25)
	at org.sqlite.jdbc4.JDBC4Connection.prepareStatement(JDBC4Connection.java:34)
	at org.sqlite.jdbc3.JDBC3Connection.prepareStatement(JDBC3Connection.java:226)
	at org.sqlite.jdbc3.JDBC3Connection.prepareStatement(JDBC3Connection.java:206)
	at com.uniplanner.persistence.DatabaseManager.saveTimeSlot(DatabaseManager.java:575)
	at com.uniplanner.UniPlannerController.initializeDefaultTimeSlots(UniPlannerController.java:69)
	at com.uniplanner.UniPlannerController.<init>(UniPlannerController.java:33)
	at com.uniplanner.api.ApiController.<clinit>(ApiController.java:44)
	at java.base/jdk.internal.misc.Unsafe.ensureClassInitialized0(Native Method)
	at java.base/jdk.internal.misc.Unsafe.ensureClassInitialized(Unsafe.java:1169)
	at java.base/jdk.internal.reflect.MethodHandleAccessorFactory.ensureClassInitialized(MethodHandleAccessorFactory.java:341)
	at java.base/jdk.internal.reflect.MethodHandleAccessorFactory.newConstructorAccessor(MethodHandleAccessorFactory.java:104)
	at java.base/jdk.internal.reflect.ReflectionFactory.newConstructorAccessor(ReflectionFactory.java:138)
	at java.base/java.lang.reflect.Constructor.acquireConstructorAccessor(Constructor.java:546)
	at java.base/java.lang.reflect.Constructor.newInstanceWithCaller(Constructor.java:496)
	at java.base/java.lang.reflect.Constructor.newInstance(Constructor.java:483)
	at org.springframework.beans.BeanUtils.instantiateClass(BeanUtils.java:197)
	at org.springframework.beans.factory.support.SimpleInstantiationStrategy.instantiate(SimpleInstantiationStrategy.java:87)
	at org.springframework.beans.factory.support.AbstractAutowireCapableBeanFactory.instantiateBean(AbstractAutowireCapableBeanFactory.java:1300)
	at org.springframework.beans.factory.support.AbstractAutowireCapableBeanFactory.createBeanInstance(AbstractAutowireCapableBeanFactory.java:1198)
	at org.springframework.beans.factory.support.AbstractAutowireCapableBeanFactory.doCreateBean(AbstractAutowireCapableBeanFactory.java:561)
	at org.springframework.beans.factory.support.AbstractAutowireCapableBeanFactory.createBean(AbstractAutowireCapableBeanFactory.java:521)
	at org.springframework.beans.factory.support.AbstractBeanFactory.lambda$doGetBean$0(AbstractBeanFactory.java:326)
	at org.springframework.beans.factory.support.DefaultSingletonBeanRegistry.getSingleton(DefaultSingletonBeanRegistry.java:234)
	at org.springframework.beans.factory.support.AbstractBeanFactory.doGetBean(AbstractBeanFactory.java:324)
	at org.springframework.beans.factory.support.AbstractBeanFactory.getBean(AbstractBeanFactory.java:200)
	at org.springframework.beans.factory.support.DefaultListableBeanFactory.preInstantiateSingletons(DefaultListableBeanFactory.java:961)
	at org.springframework.context.support.AbstractApplicationContext.finishBeanFactoryInitialization(AbstractApplicationContext.java:915)
	at org.springframework.context.support.AbstractApplicationContext.refresh(AbstractApplicationContext.java:584)
	at org.springframework.boot.web.servlet.context.ServletWebServerApplicationContext.refresh(ServletWebServerApplicationContext.java:146)
	at org.springframework.boot.SpringApplication.refresh(SpringApplication.java:730)
	at org.springframework.boot.SpringApplication.refreshContext(SpringApplication.java:432)
	at org.springframework.boot.SpringApplication.run(SpringApplication.java:308)
	at org.springframework.boot.SpringApplication.run(SpringApplication.java:1302)
	at org.springframework.boot.SpringApplication.run(SpringApplication.java:1291)
	at com.uniplanner.Main.main(Main.java:13)
Error saving time slot: [SQLITE_IOERR_DELETE] I/O error within xDelete (disk I/O error)
org.sqlite.SQLiteException: [SQLITE_IOERR_DELETE] I/O error within xDelete (disk I/O error)
	at org.sqlite.core.DB.newSQLException(DB.java:1179)
	at org.sqlite.core.DB.newSQLException(DB.java:1190)
	at org.sqlite.core.DB.throwex(DB.java:1150)
	at org.sqlite.core.NativeDB.prepare_utf8(Native Method)
	at org.sqlite.core.NativeDB.prepare(NativeDB.java:126)
	at org.sqlite.core.DB.prepare(DB.java:264)
	at org.sqlite.core.CorePreparedStatement.<init>(CorePreparedStatement.java:46)
	at org.sqlite.jdbc3.JDBC3PreparedStatement.<init>(JDBC3PreparedStatement.java:31)
	at org.sqlite.jdbc4.JDBC4PreparedStatement.<init>(JDBC4PreparedStatement.java:25)
	at org.sqlite.jdbc4.JDBC4Connection.prepareStatement(JDBC4Connection.java:34)
	at org.sqlite.jdbc3.JDBC3Connection.prepareStatement(JDBC3Connection.java:226)
	at org.sqlite.jdbc3.JDBC3Connection.prepareStatement(JDBC3Connection.java:206)
	at com.uniplanner.persistence.DatabaseManager.saveTimeSlot(DatabaseManager.java:575)
	at com.uniplanner.UniPlannerController.initializeDefaultTimeSlots(UniPlannerController.java:69)
	at com.uniplanner.UniPlannerController.<init>(UniPlannerController.java:33)
	at com.uniplanner.api.ApiController.<clinit>(ApiController.java:44)
	at java.base/jdk.internal.misc.Unsafe.ensureClassInitialized0(Native Method)
	at java.base/jdk.internal.misc.Unsafe.ensureClassInitialized(Unsafe.java:1169)
	at java.base/jdk.internal.reflect.MethodHandleAccessorFactory.ensureClassInitialized(MethodHandleAccessorFactory.java:341)
	at java.base/jdk.internal.reflect.MethodHandleAccessorFactory.newConstructorAccessor(MethodHandleAccessorFactory.java:104)
	at java.base/jdk.internal.reflect.ReflectionFactory.newConstructorAccessor(ReflectionFactory.java:138)
	at java.base/java.lang.reflect.Constructor.acquireConstructorAccessor(Constructor.java:546)
	at java.base/java.lang.reflect.Constructor.newInstanceWithCaller(Constructor.java:496)
	at java.base/java.lang.reflect.Constructor.newInstance(Constructor.java:483)
	at org.springframework.beans.BeanUtils.instantiateClass(BeanUtils.java:197)
	at org.springframework.beans.factory.support.SimpleInstantiationStrategy.instantiate(SimpleInstantiationStrategy.java:87)
	at org.springframework.beans.factory.support.AbstractAutowireCapableBeanFactory.instantiateBean(AbstractAutowireCapableBeanFactory.java:1300)
	at org.springframework.beans.factory.support.AbstractAutowireCapableBeanFactory.createBeanInstance(AbstractAutowireCapableBeanFactory.java:1198)
	at org.springframework.beans.factory.support.AbstractAutowireCapableBeanFactory.doCreateBean(AbstractAutowireCapableBeanFactory.java:561)
	at org.springframework.beans.factory.support.AbstractAutowireCapableBeanFactory.createBean(AbstractAutowireCapableBeanFactory.java:521)
	at org.springframework.beans.factory.support.AbstractBeanFactory.lambda$doGetBean$0(AbstractBeanFactory.java:326)
	at org.springframework.beans.factory.support.DefaultSingletonBeanRegistry.getSingleton(DefaultSingletonBeanRegistry.java:234)
	at org.springframework.beans.factory.support.AbstractBeanFactory.doGetBean(AbstractBeanFactory.java:324)
	at org.springframework.beans.factory.support.AbstractBeanFactory.getBean(AbstractBeanFactory.java:200)
	at org.springframework.beans.factory.support.DefaultListableBeanFactory.preInstantiateSingletons(DefaultListableBeanFactory.java:961)
	at org.springframework.context.support.AbstractApplicationContext.finishBeanFactoryInitialization(AbstractApplicationContext.java:915)
	at org.springframework.context.support.AbstractApplicationContext.refresh(AbstractApplicationContext.java:584)
	at org.springframework.boot.web.servlet.context.ServletWebServerApplicationContext.refresh(ServletWebServerApplicationContext.java:146)
	at org.springframework.boot.SpringApplication.refresh(SpringApplication.java:730)
	at org.springframework.boot.SpringApplication.refreshContext(SpringApplication.java:432)
	at org.springframework.boot.SpringApplication.run(SpringApplication.java:308)
	at org.springframework.boot.SpringApplication.run(SpringApplication.java:1302)
	at org.springframework.boot.SpringApplication.run(SpringApplication.java:1291)
	at com.uniplanner.Main.main(Main.java:13)
Error saving time slot: [SQLITE_IOERR_DELETE] I/O error within xDelete (disk I/O error)
org.sqlite.SQLiteException: [SQLITE_IOERR_DELETE] I/O error within xDelete (disk I/O error)
	at org.sqlite.core.DB.newSQLException(DB.java:1179)
	at org.sqlite.core.DB.newSQLException(DB.java:1190)
	at org.sqlite.core.DB.throwex(DB.java:1150)
	at org.sqlite.core.NativeDB.prepare_utf8(Native Method)
	at org.sqlite.core.NativeDB.prepare(NativeDB.java:126)
	at org.sqlite.core.DB.prepare(DB.java:264)
	at org.sqlite.core.CorePreparedStatement.<init>(CorePreparedStatement.java:46)
	at org.sqlite.jdbc3.JDBC3PreparedStatement.<init>(JDBC3PreparedStatement.java:31)
	at org.sqlite.jdbc4.JDBC4PreparedStatement.<init>(JDBC4PreparedStatement.java:25)
	at org.sqlite.jdbc4.JDBC4Connection.prepareStatement(JDBC4Connection.java:34)
	at org.sqlite.jdbc3.JDBC3Connection.prepareStatement(JDBC3Connection.java:226)
	at org.sqlite.jdbc3.JDBC3Connection.prepareStatement(JDBC3Connection.java:206)
	at com.uniplanner.persistence.DatabaseManager.saveTimeSlot(DatabaseManager.java:575)
	at com.uniplanner.UniPlannerController.initializeDefaultTimeSlots(UniPlannerController.java:69)
	at com.uniplanner.UniPlannerController.<init>(UniPlannerController.java:33)
	at com.uniplanner.api.ApiController.<clinit>(ApiController.java:44)
	at java.base/jdk.internal.misc.Unsafe.ensureClassInitialized0(Native Method)
	at java.base/jdk.internal.misc.Unsafe.ensureClassInitialized(Unsafe.java:1169)
	at java.base/jdk.internal.reflect.MethodHandleAccessorFactory.ensureClassInitialized(MethodHandleAccessorFactory.java:341)
	at java.base/jdk.internal.reflect.MethodHandleAccessorFactory.newConstructorAccessor(MethodHandleAccessorFactory.java:104)
	at java.base/jdk.internal.reflect.ReflectionFactory.newConstructorAccessor(ReflectionFactory.java:138)
	at java.base/java.lang.reflect.Constructor.acquireConstructorAccessor(Constructor.java:546)
	at java.base/java.lang.reflect.Constructor.newInstanceWithCaller(Constructor.java:496)
	at java.base/java.lang.reflect.Constructor.newInstance(Constructor.java:483)
	at org.springframework.beans.BeanUtils.instantiateClass(BeanUtils.java:197)
	at org.springframework.beans.factory.support.SimpleInstantiationStrategy.instantiate(SimpleInstantiationStrategy.java:87)
	at org.springframework.beans.factory.support.AbstractAutowireCapableBeanFactory.instantiateBean(AbstractAutowireCapableBeanFactory.java:1300)
	at org.springframework.beans.factory.support.AbstractAutowireCapableBeanFactory.createBeanInstance(AbstractAutowireCapableBeanFactory.java:1198)
	at org.springframework.beans.factory.support.AbstractAutowireCapableBeanFactory.doCreateBean(AbstractAutowireCapableBeanFactory.java:561)
	at org.springframework.beans.factory.support.AbstractAutowireCapableBeanFactory.createBean(AbstractAutowireCapableBeanFactory.java:521)
	at org.springframework.beans.factory.support.AbstractBeanFactory.lambda$doGetBean$0(AbstractBeanFactory.java:326)
	at org.springframework.beans.factory.support.DefaultSingletonBeanRegistry.getSingleton(DefaultSingletonBeanRegistry.java:234)
	at org.springframework.beans.factory.support.AbstractBeanFactory.doGetBean(AbstractBeanFactory.java:324)
	at org.springframework.beans.factory.support.AbstractBeanFactory.getBean(AbstractBeanFactory.java:200)
	at org.springframework.beans.factory.support.DefaultListableBeanFactory.preInstantiateSingletons(DefaultListableBeanFactory.java:961)
	at org.springframework.context.support.AbstractApplicationContext.finishBeanFactoryInitialization(AbstractApplicationContext.java:915)
	at org.springframework.context.support.AbstractApplicationContext.refresh(AbstractApplicationContext.java:584)
	at org.springframework.boot.web.servlet.context.ServletWebServerApplicationContext.refresh(ServletWebServerApplicationContext.java:146)
	at org.springframework.boot.SpringApplication.refresh(SpringApplication.java:730)
	at org.springframework.boot.SpringApplication.refreshContext(SpringApplication.java:432)
	at org.springframework.boot.SpringApplication.run(SpringApplication.java:308)
	at org.springframework.boot.SpringApplication.run(SpringApplication.java:1302)
	at org.springframework.boot.SpringApplication.run(SpringApplication.java:1291)
	at com.uniplanner.Main.main(Main.java:13)
Error saving time slot: [SQLITE_IOERR_DELETE] I/O error within xDelete (disk I/O error)
org.sqlite.SQLiteException: [SQLITE_IOERR_DELETE] I/O error within xDelete (disk I/O error)
	at org.sqlite.core.DB.newSQLException(DB.java:1179)
	at org.sqlite.core.DB.newSQLException(DB.java:1190)
	at org.sqlite.core.DB.throwex(DB.java:1150)
	at org.sqlite.core.NativeDB.prepare_utf8(Native Method)
	at org.sqlite.core.NativeDB.prepare(NativeDB.java:126)
	at org.sqlite.core.DB.prepare(DB.java:264)
	at org.sqlite.core.CorePreparedStatement.<init>(CorePreparedStatement.java:46)
	at org.sqlite.jdbc3.JDBC3PreparedStatement.<init>(JDBC3PreparedStatement.java:31)
	at org.sqlite.jdbc4.JDBC4PreparedStatement.<init>(JDBC4PreparedStatement.java:25)
	at org.sqlite.jdbc4.JDBC4Connection.prepareStatement(JDBC4Connection.java:34)
	at org.sqlite.jdbc3.JDBC3Connection.prepareStatement(JDBC3Connection.java:226)
	at org.sqlite.jdbc3.JDBC3Connection.prepareStatement(JDBC3Connection.java:206)
	at com.uniplanner.persistence.DatabaseManager.saveTimeSlot(DatabaseManager.java:575)
	at com.uniplanner.UniPlannerController.initializeDefaultTimeSlots(UniPlannerController.java:69)
	at com.uniplanner.UniPlannerController.<init>(UniPlannerController.java:33)
	at com.uniplanner.api.ApiController.<clinit>(ApiController.java:44)
	at java.base/jdk.internal.misc.Unsafe.ensureClassInitialized0(Native Method)
	at java.base/jdk.internal.misc.Unsafe.ensureClassInitialized(Unsafe.java:1169)
	at java.base/jdk.internal.reflect.MethodHandleAccessorFactory.ensureClassInitialized(MethodHandleAccessorFactory.java:341)
	at java.base/jdk.internal.reflect.MethodHandleAccessorFactory.newConstructorAccessor(MethodHandleAccessorFactory.java:104)
	at java.base/jdk.internal.reflect.ReflectionFactory.newConstructorAccessor(ReflectionFactory.java:138)
	at java.base/java.lang.reflect.Constructor.acquireConstructorAccessor(Constructor.java:546)
	at java.base/java.lang.reflect.Constructor.newInstanceWithCaller(Constructor.java:496)
	at java.base/java.lang.reflect.Constructor.newInstance(Constructor.java:483)
	at org.springframework.beans.BeanUtils.instantiateClass(BeanUtils.java:197)
	at org.springframework.beans.factory.support.SimpleInstantiationStrategy.instantiate(SimpleInstantiationStrategy.java:87)
	at org.springframework.beans.factory.support.AbstractAutowireCapableBeanFactory.instantiateBean(AbstractAutowireCapableBeanFactory.java:1300)
	at org.springframework.beans.factory.support.AbstractAutowireCapableBeanFactory.createBeanInstance(AbstractAutowireCapableBeanFactory.java:1198)
	at org.springframework.beans.factory.support.AbstractAutowireCapableBeanFactory.doCreateBean(AbstractAutowireCapableBeanFactory.java:561)
	at org.springframework.beans.factory.support.AbstractAutowireCapableBeanFactory.createBean(AbstractAutowireCapableBeanFactory.java:521)
	at org.springframework.beans.factory.support.AbstractBeanFactory.lambda$doGetBean$0(AbstractBeanFactory.java:326)
	at org.springframework.beans.factory.support.DefaultSingletonBeanRegistry.getSingleton(DefaultSingletonBeanRegistry.java:234)
	at org.springframework.beans.factory.support.AbstractBeanFactory.doGetBean(AbstractBeanFactory.java:324)
	at org.springframework.beans.factory.support.AbstractBeanFactory.getBean(AbstractBeanFactory.java:200)
	at org.springframework.beans.factory.support.DefaultListableBeanFactory.preInstantiateSingletons(DefaultListableBeanFactory.java:961)
	at org.springframework.context.support.AbstractApplicationContext.finishBeanFactoryInitialization(AbstractApplicationContext.java:915)
	at org.springframework.context.support.AbstractApplicationContext.refresh(AbstractApplicationContext.java:584)
	at org.springframework.boot.web.servlet.context.ServletWebServerApplicationContext.refresh(ServletWebServerApplicationContext.java:146)
	at org.springframework.boot.SpringApplication.refresh(SpringApplication.java:730)
	at org.springframework.boot.SpringApplication.refreshContext(SpringApplication.java:432)
	at org.springframework.boot.SpringApplication.run(SpringApplication.java:308)
	at org.springframework.boot.SpringApplication.run(SpringApplication.java:1302)
	at org.springframework.boot.SpringApplication.run(SpringApplication.java:1291)
	at com.uniplanner.Main.main(Main.java:13)
Error saving time slot: [SQLITE_IOERR_DELETE] I/O error within xDelete (disk I/O error)
org.sqlite.SQLiteException: [SQLITE_IOERR_DELETE] I/O error within xDelete (disk I/O error)
	at org.sqlite.core.DB.newSQLException(DB.java:1179)
	at org.sqlite.core.DB.newSQLException(DB.java:1190)
	at org.sqlite.core.DB.throwex(DB.java:1150)
	at org.sqlite.core.NativeDB.prepare_utf8(Native Method)
	at org.sqlite.core.NativeDB.prepare(NativeDB.java:126)
	at org.sqlite.core.DB.prepare(DB.java:264)
	at org.sqlite.core.CorePreparedStatement.<init>(CorePreparedStatement.java:46)
	at org.sqlite.jdbc3.JDBC3PreparedStatement.<init>(JDBC3PreparedStatement.java:31)
	at org.sqlite.jdbc4.JDBC4PreparedStatement.<init>(JDBC4PreparedStatement.java:25)
	at org.sqlite.jdbc4.JDBC4Connection.prepareStatement(JDBC4Connection.java:34)
	at org.sqlite.jdbc3.JDBC3Connection.prepareStatement(JDBC3Connection.java:226)
	at org.sqlite.jdbc3.JDBC3Connection.prepareStatement(JDBC3Connection.java:206)
	at com.uniplanner.persistence.DatabaseManager.saveTimeSlot(DatabaseManager.java:575)
	at com.uniplanner.UniPlannerController.initializeDefaultTimeSlots(UniPlannerController.java:69)
	at com.uniplanner.UniPlannerController.<init>(UniPlannerController.java:33)
	at com.uniplanner.api.ApiController.<clinit>(ApiController.java:44)
	at java.base/jdk.internal.misc.Unsafe.ensureClassInitialized0(Native Method)
	at java.base/jdk.internal.misc.Unsafe.ensureClassInitialized(Unsafe.java:1169)
	at java.base/jdk.internal.reflect.MethodHandleAccessorFactory.ensureClassInitialized(MethodHandleAccessorFactory.java:341)
	at java.base/jdk.internal.reflect.MethodHandleAccessorFactory.newConstructorAccessor(MethodHandleAccessorFactory.java:104)
	at java.base/jdk.internal.reflect.ReflectionFactory.newConstructorAccessor(ReflectionFactory.java:138)
	at java.base/java.lang.reflect.Constructor.acquireConstructorAccessor(Constructor.java:546)
	at java.base/java.lang.reflect.Constructor.newInstanceWithCaller(Constructor.java:496)
	at java.base/java.lang.reflect.Constructor.newInstance(Constructor.java:483)
	at org.springframework.beans.BeanUtils.instantiateClass(BeanUtils.java:197)
	at org.springframework.beans.factory.support.SimpleInstantiationStrategy.instantiate(SimpleInstantiationStrategy.java:87)
	at org.springframework.beans.factory.support.AbstractAutowireCapableBeanFactory.instantiateBean(AbstractAutowireCapableBeanFactory.java:1300)
	at org.springframework.beans.factory.support.AbstractAutowireCapableBeanFactory.createBeanInstance(AbstractAutowireCapableBeanFactory.java:1198)
	at org.springframework.beans.factory.support.AbstractAutowireCapableBeanFactory.doCreateBean(AbstractAutowireCapableBeanFactory.java:561)
	at org.springframework.beans.factory.support.AbstractAutowireCapableBeanFactory.createBean(AbstractAutowireCapableBeanFactory.java:521)
	at org.springframework.beans.factory.support.AbstractBeanFactory.lambda$doGetBean$0(AbstractBeanFactory.java:326)
	at org.springframework.beans.factory.support.DefaultSingletonBeanRegistry.getSingleton(DefaultSingletonBeanRegistry.java:234)
	at org.springframework.beans.factory.support.AbstractBeanFactory.doGetBean(AbstractBeanFactory.java:324)
	at org.springframework.beans.factory.support.AbstractBeanFactory.getBean(AbstractBeanFactory.java:200)
	at org.springframework.beans.factory.support.DefaultListableBeanFactory.preInstantiateSingletons(DefaultListableBeanFactory.java:961)
	at org.springframework.context.support.AbstractApplicationContext.finishBeanFactoryInitialization(AbstractApplicationContext.java:915)
	at org.springframework.context.support.AbstractApplicationContext.refresh(AbstractApplicationContext.java:584)
	at org.springframework.boot.web.servlet.context.ServletWebServerApplicationContext.refresh(ServletWebServerApplicationContext.java:146)
	at org.springframework.boot.SpringApplication.refresh(SpringApplication.java:730)
	at org.springframework.boot.SpringApplication.refreshContext(SpringApplication.java:432)
	at org.springframework.boot.SpringApplication.run(SpringApplication.java:308)
	at org.springframework.boot.SpringApplication.run(SpringApplication.java:1302)
	at org.springframework.boot.SpringApplication.run(SpringApplication.java:1291)
	at com.uniplanner.Main.main(Main.java:13)
Error saving time slot: [SQLITE_IOERR_DELETE] I/O error within xDelete (disk I/O error)
org.sqlite.SQLiteException: [SQLITE_IOERR_DELETE] I/O error within xDelete (disk I/O error)
	at org.sqlite.core.DB.newSQLException(DB.java:1179)
	at org.sqlite.core.DB.newSQLException(DB.java:1190)
	at org.sqlite.core.DB.throwex(DB.java:1150)
	at org.sqlite.core.NativeDB.prepare_utf8(Native Method)
	at org.sqlite.core.NativeDB.prepare(NativeDB.java:126)
	at org.sqlite.core.DB.prepare(DB.java:264)
	at org.sqlite.core.CorePreparedStatement.<init>(CorePreparedStatement.java:46)
	at org.sqlite.jdbc3.JDBC3PreparedStatement.<init>(JDBC3PreparedStatement.java:31)
	at org.sqlite.jdbc4.JDBC4PreparedStatement.<init>(JDBC4PreparedStatement.java:25)
	at org.sqlite.jdbc4.JDBC4Connection.prepareStatement(JDBC4Connection.java:34)
	at org.sqlite.jdbc3.JDBC3Connection.prepareStatement(JDBC3Connection.java:226)
	at org.sqlite.jdbc3.JDBC3Connection.prepareStatement(JDBC3Connection.java:206)
	at com.uniplanner.persistence.DatabaseManager.saveTimeSlot(DatabaseManager.java:575)
	at com.uniplanner.UniPlannerController.initializeDefaultTimeSlots(UniPlannerController.java:69)
	at com.uniplanner.UniPlannerController.<init>(UniPlannerController.java:33)
	at com.uniplanner.api.ApiController.<clinit>(ApiController.java:44)
	at java.base/jdk.internal.misc.Unsafe.ensureClassInitialized0(Native Method)
	at java.base/jdk.internal.misc.Unsafe.ensureClassInitialized(Unsafe.java:1169)
	at java.base/jdk.internal.reflect.MethodHandleAccessorFactory.ensureClassInitialized(MethodHandleAccessorFactory.java:341)
	at java.base/jdk.internal.reflect.MethodHandleAccessorFactory.newConstructorAccessor(MethodHandleAccessorFactory.java:104)
	at java.base/jdk.internal.reflect.ReflectionFactory.newConstructorAccessor(ReflectionFactory.java:138)
	at java.base/java.lang.reflect.Constructor.acquireConstructorAccessor(Constructor.java:546)
	at java.base/java.lang.reflect.Constructor.newInstanceWithCaller(Constructor.java:496)
	at java.base/java.lang.reflect.Constructor.newInstance(Constructor.java:483)
	at org.springframework.beans.BeanUtils.instantiateClass(BeanUtils.java:197)
	at org.springframework.beans.factory.support.SimpleInstantiationStrategy.instantiate(SimpleInstantiationStrategy.java:87)
	at org.springframework.beans.factory.support.AbstractAutowireCapableBeanFactory.instantiateBean(AbstractAutowireCapableBeanFactory.java:1300)
	at org.springframework.beans.factory.support.AbstractAutowireCapableBeanFactory.createBeanInstance(AbstractAutowireCapableBeanFactory.java:1198)
	at org.springframework.beans.factory.support.AbstractAutowireCapableBeanFactory.doCreateBean(AbstractAutowireCapableBeanFactory.java:561)
	at org.springframework.beans.factory.support.AbstractAutowireCapableBeanFactory.createBean(AbstractAutowireCapableBeanFactory.java:521)
	at org.springframework.beans.factory.support.AbstractBeanFactory.lambda$doGetBean$0(AbstractBeanFactory.java:326)
	at org.springframework.beans.factory.support.DefaultSingletonBeanRegistry.getSingleton(DefaultSingletonBeanRegistry.java:234)
	at org.springframework.beans.factory.support.AbstractBeanFactory.doGetBean(AbstractBeanFactory.java:324)
	at org.springframework.beans.factory.support.AbstractBeanFactory.getBean(AbstractBeanFactory.java:200)
	at org.springframework.beans.factory.support.DefaultListableBeanFactory.preInstantiateSingletons(DefaultListableBeanFactory.java:961)
	at org.springframework.context.support.AbstractApplicationContext.finishBeanFactoryInitialization(AbstractApplicationContext.java:915)
	at org.springframework.context.support.AbstractApplicationContext.refresh(AbstractApplicationContext.java:584)
	at org.springframework.boot.web.servlet.context.ServletWebServerApplicationContext.refresh(ServletWebServerApplicationContext.java:146)
	at org.springframework.boot.SpringApplication.refresh(SpringApplication.java:730)
	at org.springframework.boot.SpringApplication.refreshContext(SpringApplication.java:432)
	at org.springframework.boot.SpringApplication.run(SpringApplication.java:308)
	at org.springframework.boot.SpringApplication.run(SpringApplication.java:1302)
	at org.springframework.boot.SpringApplication.run(SpringApplication.java:1291)
	at com.uniplanner.Main.main(Main.java:13)
Error saving time slot: [SQLITE_IOERR_DELETE] I/O error within xDelete (disk I/O error)
org.sqlite.SQLiteException: [SQLITE_IOERR_DELETE] I/O error within xDelete (disk I/O error)
	at org.sqlite.core.DB.newSQLException(DB.java:1179)
	at org.sqlite.core.DB.newSQLException(DB.java:1190)
	at org.sqlite.core.DB.throwex(DB.java:1150)
	at org.sqlite.core.NativeDB.prepare_utf8(Native Method)
	at org.sqlite.core.NativeDB.prepare(NativeDB.java:126)
	at org.sqlite.core.DB.prepare(DB.java:264)
	at org.sqlite.core.CorePreparedStatement.<init>(CorePreparedStatement.java:46)
	at org.sqlite.jdbc3.JDBC3PreparedStatement.<init>(JDBC3PreparedStatement.java:31)
	at org.sqlite.jdbc4.JDBC4PreparedStatement.<init>(JDBC4PreparedStatement.java:25)
	at org.sqlite.jdbc4.JDBC4Connection.prepareStatement(JDBC4Connection.java:34)
	at org.sqlite.jdbc3.JDBC3Connection.prepareStatement(JDBC3Connection.java:226)
	at org.sqlite.jdbc3.JDBC3Connection.prepareStatement(JDBC3Connection.java:206)
	at com.uniplanner.persistence.DatabaseManager.saveTimeSlot(DatabaseManager.java:575)
	at com.uniplanner.UniPlannerController.initializeDefaultTimeSlots(UniPlannerController.java:69)
	at com.uniplanner.UniPlannerController.<init>(UniPlannerController.java:33)
	at com.uniplanner.api.ApiController.<clinit>(ApiController.java:44)
	at java.base/jdk.internal.misc.Unsafe.ensureClassInitialized0(Native Method)
	at java.base/jdk.internal.misc.Unsafe.ensureClassInitialized(Unsafe.java:1169)
	at java.base/jdk.internal.reflect.MethodHandleAccessorFactory.ensureClassInitialized(MethodHandleAccessorFactory.java:341)
	at java.base/jdk.internal.reflect.MethodHandleAccessorFactory.newConstructorAccessor(MethodHandleAccessorFactory.java:104)
	at java.base/jdk.internal.reflect.ReflectionFactory.newConstructorAccessor(ReflectionFactory.java:138)
	at java.base/java.lang.reflect.Constructor.acquireConstructorAccessor(Constructor.java:546)
	at java.base/java.lang.reflect.Constructor.newInstanceWithCaller(Constructor.java:496)
	at java.base/java.lang.reflect.Constructor.newInstance(Constructor.java:483)
	at org.springframework.beans.BeanUtils.instantiateClass(BeanUtils.java:197)
	at org.springframework.beans.factory.support.SimpleInstantiationStrategy.instantiate(SimpleInstantiationStrategy.java:87)
	at org.springframework.beans.factory.support.AbstractAutowireCapableBeanFactory.instantiateBean(AbstractAutowireCapableBeanFactory.java:1300)
	at org.springframework.beans.factory.support.AbstractAutowireCapableBeanFactory.createBeanInstance(AbstractAutowireCapableBeanFactory.java:1198)
	at org.springframework.beans.factory.support.AbstractAutowireCapableBeanFactory.doCreateBean(AbstractAutowireCapableBeanFactory.java:561)
	at org.springframework.beans.factory.support.AbstractAutowireCapableBeanFactory.createBean(AbstractAutowireCapableBeanFactory.java:521)
	at org.springframework.beans.factory.support.AbstractBeanFactory.lambda$doGetBean$0(AbstractBeanFactory.java:326)
	at org.springframework.beans.factory.support.DefaultSingletonBeanRegistry.getSingleton(DefaultSingletonBeanRegistry.java:234)
	at org.springframework.beans.factory.support.AbstractBeanFactory.doGetBean(AbstractBeanFactory.java:324)
	at org.springframework.beans.factory.support.AbstractBeanFactory.getBean(AbstractBeanFactory.java:200)
	at org.springframework.beans.factory.support.DefaultListableBeanFactory.preInstantiateSingletons(DefaultListableBeanFactory.java:961)
	at org.springframework.context.support.AbstractApplicationContext.finishBeanFactoryInitialization(AbstractApplicationContext.java:915)
	at org.springframework.context.support.AbstractApplicationContext.refresh(AbstractApplicationContext.java:584)
	at org.springframework.boot.web.servlet.context.ServletWebServerApplicationContext.refresh(ServletWebServerApplicationContext.java:146)
	at org.springframework.boot.SpringApplication.refresh(SpringApplication.java:730)
	at org.springframework.boot.SpringApplication.refreshContext(SpringApplication.java:432)
	at org.springframework.boot.SpringApplication.run(SpringApplication.java:308)
	at org.springframework.boot.SpringApplication.run(SpringApplication.java:1302)
	at org.springframework.boot.SpringApplication.run(SpringApplication.java:1291)
	at com.uniplanner.Main.main(Main.java:13)
Error saving time slot: [SQLITE_IOERR_DELETE] I/O error within xDelete (disk I/O error)
org.sqlite.SQLiteException: [SQLITE_IOERR_DELETE] I/O error within xDelete (disk I/O error)
	at org.sqlite.core.DB.newSQLException(DB.java:1179)
	at org.sqlite.core.DB.newSQLException(DB.java:1190)
	at org.sqlite.core.DB.throwex(DB.java:1150)
	at org.sqlite.core.NativeDB.prepare_utf8(Native Method)
	at org.sqlite.core.NativeDB.prepare(NativeDB.java:126)
	at org.sqlite.core.DB.prepare(DB.java:264)
	at org.sqlite.core.CorePreparedStatement.<init>(CorePreparedStatement.java:46)
	at org.sqlite.jdbc3.JDBC3PreparedStatement.<init>(JDBC3PreparedStatement.java:31)
	at org.sqlite.jdbc4.JDBC4PreparedStatement.<init>(JDBC4PreparedStatement.java:25)
	at org.sqlite.jdbc4.JDBC4Connection.prepareStatement(JDBC4Connection.java:34)
	at org.sqlite.jdbc3.JDBC3Connection.prepareStatement(JDBC3Connection.java:226)
	at org.sqlite.jdbc3.JDBC3Connection.prepareStatement(JDBC3Connection.java:206)
	at com.uniplanner.persistence.DatabaseManager.saveTimeSlot(DatabaseManager.java:575)
	at com.uniplanner.UniPlannerController.initializeDefaultTimeSlots(UniPlannerController.java:69)
	at com.uniplanner.UniPlannerController.<init>(UniPlannerController.java:33)
	at com.uniplanner.api.ApiController.<clinit>(ApiController.java:44)
	at java.base/jdk.internal.misc.Unsafe.ensureClassInitialized0(Native Method)
	at java.base/jdk.internal.misc.Unsafe.ensureClassInitialized(Unsafe.java:1169)
	at java.base/jdk.internal.reflect.MethodHandleAccessorFactory.ensureClassInitialized(MethodHandleAccessorFactory.java:341)
	at java.base/jdk.internal.reflect.MethodHandleAccessorFactory.newConstructorAccessor(MethodHandleAccessorFactory.java:104)
	at java.base/jdk.internal.reflect.ReflectionFactory.newConstructorAccessor(ReflectionFactory.java:138)
	at java.base/java.lang.reflect.Constructor.acquireConstructorAccessor(Constructor.java:546)
	at java.base/java.lang.reflect.Constructor.newInstanceWithCaller(Constructor.java:496)
	at java.base/java.lang.reflect.Constructor.newInstance(Constructor.java:483)
	at org.springframework.beans.BeanUtils.instantiateClass(BeanUtils.java:197)
	at org.springframework.beans.factory.support.SimpleInstantiationStrategy.instantiate(SimpleInstantiationStrategy.java:87)
	at org.springframework.beans.factory.support.AbstractAutowireCapableBeanFactory.instantiateBean(AbstractAutowireCapableBeanFactory.java:1300)
	at org.springframework.beans.factory.support.AbstractAutowireCapableBeanFactory.createBeanInstance(AbstractAutowireCapableBeanFactory.java:1198)
	at org.springframework.beans.factory.support.AbstractAutowireCapableBeanFactory.doCreateBean(AbstractAutowireCapableBeanFactory.java:561)
	at org.springframework.beans.factory.support.AbstractAutowireCapableBeanFactory.createBean(AbstractAutowireCapableBeanFactory.java:521)
	at org.springframework.beans.factory.support.AbstractBeanFactory.lambda$doGetBean$0(AbstractBeanFactory.java:326)
	at org.springframework.beans.factory.support.DefaultSingletonBeanRegistry.getSingleton(DefaultSingletonBeanRegistry.java:234)
	at org.springframework.beans.factory.support.AbstractBeanFactory.doGetBean(AbstractBeanFactory.java:324)
	at org.springframework.beans.factory.support.AbstractBeanFactory.getBean(AbstractBeanFactory.java:200)
	at org.springframework.beans.factory.support.DefaultListableBeanFactory.preInstantiateSingletons(DefaultListableBeanFactory.java:961)
	at org.springframework.context.support.AbstractApplicationContext.finishBeanFactoryInitialization(AbstractApplicationContext.java:915)
	at org.springframework.context.support.AbstractApplicationContext.refresh(AbstractApplicationContext.java:584)
	at org.springframework.boot.web.servlet.context.ServletWebServerApplicationContext.refresh(ServletWebServerApplicationContext.java:146)
	at org.springframework.boot.SpringApplication.refresh(SpringApplication.java:730)
	at org.springframework.boot.SpringApplication.refreshContext(SpringApplication.java:432)
	at org.springframework.boot.SpringApplication.run(SpringApplication.java:308)
	at org.springframework.boot.SpringApplication.run(SpringApplication.java:1302)
	at org.springframework.boot.SpringApplication.run(SpringApplication.java:1291)
	at com.uniplanner.Main.main(Main.java:13)
Error saving time slot: [SQLITE_IOERR_DELETE] I/O error within xDelete (disk I/O error)
org.sqlite.SQLiteException: [SQLITE_IOERR_DELETE] I/O error within xDelete (disk I/O error)
	at org.sqlite.core.DB.newSQLException(DB.java:1179)
	at org.sqlite.core.DB.newSQLException(DB.java:1190)
	at org.sqlite.core.DB.throwex(DB.java:1150)
	at org.sqlite.core.NativeDB.prepare_utf8(Native Method)
	at org.sqlite.core.NativeDB.prepare(NativeDB.java:126)
	at org.sqlite.core.DB.prepare(DB.java:264)
	at org.sqlite.core.CorePreparedStatement.<init>(CorePreparedStatement.java:46)
	at org.sqlite.jdbc3.JDBC3PreparedStatement.<init>(JDBC3PreparedStatement.java:31)
	at org.sqlite.jdbc4.JDBC4PreparedStatement.<init>(JDBC4PreparedStatement.java:25)
	at org.sqlite.jdbc4.JDBC4Connection.prepareStatement(JDBC4Connection.java:34)
	at org.sqlite.jdbc3.JDBC3Connection.prepareStatement(JDBC3Connection.java:226)
	at org.sqlite.jdbc3.JDBC3Connection.prepareStatement(JDBC3Connection.java:206)
	at com.uniplanner.persistence.DatabaseManager.saveTimeSlot(DatabaseManager.java:575)
	at com.uniplanner.UniPlannerController.initializeDefaultTimeSlots(UniPlannerController.java:69)
	at com.uniplanner.UniPlannerController.<init>(UniPlannerController.java:33)
	at com.uniplanner.api.ApiController.<clinit>(ApiController.java:44)
	at java.base/jdk.internal.misc.Unsafe.ensureClassInitialized0(Native Method)
	at java.base/jdk.internal.misc.Unsafe.ensureClassInitialized(Unsafe.java:1169)
	at java.base/jdk.internal.reflect.MethodHandleAccessorFactory.ensureClassInitialized(MethodHandleAccessorFactory.java:341)
	at java.base/jdk.internal.reflect.MethodHandleAccessorFactory.newConstructorAccessor(MethodHandleAccessorFactory.java:104)
	at java.base/jdk.internal.reflect.ReflectionFactory.newConstructorAccessor(ReflectionFactory.java:138)
	at java.base/java.lang.reflect.Constructor.acquireConstructorAccessor(Constructor.java:546)
	at java.base/java.lang.reflect.Constructor.newInstanceWithCaller(Constructor.java:496)
	at java.base/java.lang.reflect.Constructor.newInstance(Constructor.java:483)
	at org.springframework.beans.BeanUtils.instantiateClass(BeanUtils.java:197)
	at org.springframework.beans.factory.support.SimpleInstantiationStrategy.instantiate(SimpleInstantiationStrategy.java:87)
	at org.springframework.beans.factory.support.AbstractAutowireCapableBeanFactory.instantiateBean(AbstractAutowireCapableBeanFactory.java:1300)
	at org.springframework.beans.factory.support.AbstractAutowireCapableBeanFactory.createBeanInstance(AbstractAutowireCapableBeanFactory.java:1198)
	at org.springframework.beans.factory.support.AbstractAutowireCapableBeanFactory.doCreateBean(AbstractAutowireCapableBeanFactory.java:561)
	at org.springframework.beans.factory.support.AbstractAutowireCapableBeanFactory.createBean(AbstractAutowireCapableBeanFactory.java:521)
	at org.springframework.beans.factory.support.AbstractBeanFactory.lambda$doGetBean$0(AbstractBeanFactory.java:326)
	at org.springframework.beans.factory.support.DefaultSingletonBeanRegistry.getSingleton(DefaultSingletonBeanRegistry.java:234)
	at org.springframework.beans.factory.support.AbstractBeanFactory.doGetBean(AbstractBeanFactory.java:324)
	at org.springframework.beans.factory.support.AbstractBeanFactory.getBean(AbstractBeanFactory.java:200)
	at org.springframework.beans.factory.support.DefaultListableBeanFactory.preInstantiateSingletons(DefaultListableBeanFactory.java:961)
	at org.springframework.context.support.AbstractApplicationContext.finishBeanFactoryInitialization(AbstractApplicationContext.java:915)
	at org.springframework.context.support.AbstractApplicationContext.refresh(AbstractApplicationContext.java:584)
	at org.springframework.boot.web.servlet.context.ServletWebServerApplicationContext.refresh(ServletWebServerApplicationContext.java:146)
	at org.springframework.boot.SpringApplication.refresh(SpringApplication.java:730)
	at org.springframework.boot.SpringApplication.refreshContext(SpringApplication.java:432)
	at org.springframework.boot.SpringApplication.run(SpringApplication.java:308)
	at org.springframework.boot.SpringApplication.run(SpringApplication.java:1302)
	at org.springframework.boot.SpringApplication.run(SpringApplication.java:1291)
	at com.uniplanner.Main.main(Main.java:13)
Error saving time slot: [SQLITE_IOERR_DELETE] I/O error within xDelete (disk I/O error)
org.sqlite.SQLiteException: [SQLITE_IOERR_DELETE] I/O error within xDelete (disk I/O error)
	at org.sqlite.core.DB.newSQLException(DB.java:1179)
	at org.sqlite.core.DB.newSQLException(DB.java:1190)
	at org.sqlite.core.DB.throwex(DB.java:1150)
	at org.sqlite.core.NativeDB.prepare_utf8(Native Method)
	at org.sqlite.core.NativeDB.prepare(NativeDB.java:126)
	at org.sqlite.core.DB.prepare(DB.java:264)
	at org.sqlite.core.CorePreparedStatement.<init>(CorePreparedStatement.java:46)
	at org.sqlite.jdbc3.JDBC3PreparedStatement.<init>(JDBC3PreparedStatement.java:31)
	at org.sqlite.jdbc4.JDBC4PreparedStatement.<init>(JDBC4PreparedStatement.java:25)
	at org.sqlite.jdbc4.JDBC4Connection.prepareStatement(JDBC4Connection.java:34)
	at org.sqlite.jdbc3.JDBC3Connection.prepareStatement(JDBC3Connection.java:226)
	at org.sqlite.jdbc3.JDBC3Connection.prepareStatement(JDBC3Connection.java:206)
	at com.uniplanner.persistence.DatabaseManager.saveTimeSlot(DatabaseManager.java:575)
	at com.uniplanner.UniPlannerController.initializeDefaultTimeSlots(UniPlannerController.java:69)
	at com.uniplanner.UniPlannerController.<init>(UniPlannerController.java:33)
	at com.uniplanner.api.ApiController.<clinit>(ApiController.java:44)
	at java.base/jdk.internal.misc.Unsafe.ensureClassInitialized0(Native Method)
	at java.base/jdk.internal.misc.Unsafe.ensureClassInitialized(Unsafe.java:1169)
	at java.base/jdk.internal.reflect.MethodHandleAccessorFactory.ensureClassInitialized(MethodHandleAccessorFactory.java:341)
	at java.base/jdk.internal.reflect.MethodHandleAccessorFactory.newConstructorAccessor(MethodHandleAccessorFactory.java:104)
	at java.base/jdk.internal.reflect.ReflectionFactory.newConstructorAccessor(ReflectionFactory.java:138)
	at java.base/java.lang.reflect.Constructor.acquireConstructorAccessor(Constructor.java:546)
	at java.base/java.lang.reflect.Constructor.newInstanceWithCaller(Constructor.java:496)
	at java.base/java.lang.reflect.Constructor.newInstance(Constructor.java:483)
	at org.springframework.beans.BeanUtils.instantiateClass(BeanUtils.java:197)
	at org.springframework.beans.factory.support.SimpleInstantiationStrategy.instantiate(SimpleInstantiationStrategy.java:87)
	at org.springframework.beans.factory.support.AbstractAutowireCapableBeanFactory.instantiateBean(AbstractAutowireCapableBeanFactory.java:1300)
	at org.springframework.beans.factory.support.AbstractAutowireCapableBeanFactory.createBeanInstance(AbstractAutowireCapableBeanFactory.java:1198)
	at org.springframework.beans.factory.support.AbstractAutowireCapableBeanFactory.doCreateBean(AbstractAutowireCapableBeanFactory.java:561)
	at org.springframework.beans.factory.support.AbstractAutowireCapableBeanFactory.createBean(AbstractAutowireCapableBeanFactory.java:521)
	at org.springframework.beans.factory.support.AbstractBeanFactory.lambda$doGetBean$0(AbstractBeanFactory.java:326)
	at org.springframework.beans.factory.support.DefaultSingletonBeanRegistry.getSingleton(DefaultSingletonBeanRegistry.java:234)
	at org.springframework.beans.factory.support.AbstractBeanFactory.doGetBean(AbstractBeanFactory.java:324)
	at org.springframework.beans.factory.support.AbstractBeanFactory.getBean(AbstractBeanFactory.java:200)
	at org.springframework.beans.factory.support.DefaultListableBeanFactory.preInstantiateSingletons(DefaultListableBeanFactory.java:961)
	at org.springframework.context.support.AbstractApplicationContext.finishBeanFactoryInitialization(AbstractApplicationContext.java:915)
	at org.springframework.context.support.AbstractApplicationContext.refresh(AbstractApplicationContext.java:584)
	at org.springframework.boot.web.servlet.context.ServletWebServerApplicationContext.refresh(ServletWebServerApplicationContext.java:146)
	at org.springframework.boot.SpringApplication.refresh(SpringApplication.java:730)
	at org.springframework.boot.SpringApplication.refreshContext(SpringApplication.java:432)
	at org.springframework.boot.SpringApplication.run(SpringApplication.java:308)
	at org.springframework.boot.SpringApplication.run(SpringApplication.java:1302)
	at org.springframework.boot.SpringApplication.run(SpringApplication.java:1291)
	at com.uniplanner.Main.main(Main.java:13)
Error saving time slot: [SQLITE_IOERR_DELETE] I/O error within xDelete (disk I/O error)
org.sqlite.SQLiteException: [SQLITE_IOERR_DELETE] I/O error within xDelete (disk I/O error)
	at org.sqlite.core.DB.newSQLException(DB.java:1179)
	at org.sqlite.core.DB.newSQLException(DB.java:1190)
	at org.sqlite.core.DB.throwex(DB.java:1150)
	at org.sqlite.core.NativeDB.prepare_utf8(Native Method)
	at org.sqlite.core.NativeDB.prepare(NativeDB.java:126)
	at org.sqlite.core.DB.prepare(DB.java:264)
	at org.sqlite.core.CorePreparedStatement.<init>(CorePreparedStatement.java:46)
	at org.sqlite.jdbc3.JDBC3PreparedStatement.<init>(JDBC3PreparedStatement.java:31)
	at org.sqlite.jdbc4.JDBC4PreparedStatement.<init>(JDBC4PreparedStatement.java:25)
	at org.sqlite.jdbc4.JDBC4Connection.prepareStatement(JDBC4Connection.java:34)
	at org.sqlite.jdbc3.JDBC3Connection.prepareStatement(JDBC3Connection.java:226)
	at org.sqlite.jdbc3.JDBC3Connection.prepareStatement(JDBC3Connection.java:206)
	at com.uniplanner.persistence.DatabaseManager.saveTimeSlot(DatabaseManager.java:575)
	at com.uniplanner.UniPlannerController.initializeDefaultTimeSlots(UniPlannerController.java:69)
	at com.uniplanner.UniPlannerController.<init>(UniPlannerController.java:33)
	at com.uniplanner.api.ApiController.<clinit>(ApiController.java:44)
	at java.base/jdk.internal.misc.Unsafe.ensureClassInitialized0(Native Method)
	at java.base/jdk.internal.misc.Unsafe.ensureClassInitialized(Unsafe.java:1169)
	at java.base/jdk.internal.reflect.MethodHandleAccessorFactory.ensureClassInitialized(MethodHandleAccessorFactory.java:341)
	at java.base/jdk.internal.reflect.MethodHandleAccessorFactory.newConstructorAccessor(MethodHandleAccessorFactory.java:104)
	at java.base/jdk.internal.reflect.ReflectionFactory.newConstructorAccessor(ReflectionFactory.java:138)
	at java.base/java.lang.reflect.Constructor.acquireConstructorAccessor(Constructor.java:546)
	at java.base/java.lang.reflect.Constructor.newInstanceWithCaller(Constructor.java:496)
	at java.base/java.lang.reflect.Constructor.newInstance(Constructor.java:483)
	at org.springframework.beans.BeanUtils.instantiateClass(BeanUtils.java:197)
	at org.springframework.beans.factory.support.SimpleInstantiationStrategy.instantiate(SimpleInstantiationStrategy.java:87)
	at org.springframework.beans.factory.support.AbstractAutowireCapableBeanFactory.instantiateBean(AbstractAutowireCapableBeanFactory.java:1300)
	at org.springframework.beans.factory.support.AbstractAutowireCapableBeanFactory.createBeanInstance(AbstractAutowireCapableBeanFactory.java:1198)
	at org.springframework.beans.factory.support.AbstractAutowireCapableBeanFactory.doCreateBean(AbstractAutowireCapableBeanFactory.java:561)
	at org.springframework.beans.factory.support.AbstractAutowireCapableBeanFactory.createBean(AbstractAutowireCapableBeanFactory.java:521)
	at org.springframework.beans.factory.support.AbstractBeanFactory.lambda$doGetBean$0(AbstractBeanFactory.java:326)
	at org.springframework.beans.factory.support.DefaultSingletonBeanRegistry.getSingleton(DefaultSingletonBeanRegistry.java:234)
	at org.springframework.beans.factory.support.AbstractBeanFactory.doGetBean(AbstractBeanFactory.java:324)
	at org.springframework.beans.factory.support.AbstractBeanFactory.getBean(AbstractBeanFactory.java:200)
	at org.springframework.beans.factory.support.DefaultListableBeanFactory.preInstantiateSingletons(DefaultListableBeanFactory.java:961)
	at org.springframework.context.support.AbstractApplicationContext.finishBeanFactoryInitialization(AbstractApplicationContext.java:915)
	at org.springframework.context.support.AbstractApplicationContext.refresh(AbstractApplicationContext.java:584)
	at org.springframework.boot.web.servlet.context.ServletWebServerApplicationContext.refresh(ServletWebServerApplicationContext.java:146)
	at org.springframework.boot.SpringApplication.refresh(SpringApplication.java:730)
	at org.springframework.boot.SpringApplication.refreshContext(SpringApplication.java:432)
	at org.springframework.boot.SpringApplication.run(SpringApplication.java:308)
	at org.springframework.boot.SpringApplication.run(SpringApplication.java:1302)
	at org.springframework.boot.SpringApplication.run(SpringApplication.java:1291)
	at com.uniplanner.Main.main(Main.java:13)
Error saving time slot: [SQLITE_IOERR_DELETE] I/O error within xDelete (disk I/O error)
org.sqlite.SQLiteException: [SQLITE_IOERR_DELETE] I/O error within xDelete (disk I/O error)
	at org.sqlite.core.DB.newSQLException(DB.java:1179)
	at org.sqlite.core.DB.newSQLException(DB.java:1190)
	at org.sqlite.core.DB.throwex(DB.java:1150)
	at org.sqlite.core.NativeDB.prepare_utf8(Native Method)
	at org.sqlite.core.NativeDB.prepare(NativeDB.java:126)
	at org.sqlite.core.DB.prepare(DB.java:264)
	at org.sqlite.core.CorePreparedStatement.<init>(CorePreparedStatement.java:46)
	at org.sqlite.jdbc3.JDBC3PreparedStatement.<init>(JDBC3PreparedStatement.java:31)
	at org.sqlite.jdbc4.JDBC4PreparedStatement.<init>(JDBC4PreparedStatement.java:25)
	at org.sqlite.jdbc4.JDBC4Connection.prepareStatement(JDBC4Connection.java:34)
	at org.sqlite.jdbc3.JDBC3Connection.prepareStatement(JDBC3Connection.java:226)
	at org.sqlite.jdbc3.JDBC3Connection.prepareStatement(JDBC3Connection.java:206)
	at com.uniplanner.persistence.DatabaseManager.saveTimeSlot(DatabaseManager.java:575)
	at com.uniplanner.UniPlannerController.initializeDefaultTimeSlots(UniPlannerController.java:69)
	at com.uniplanner.UniPlannerController.<init>(UniPlannerController.java:33)
	at com.uniplanner.api.ApiController.<clinit>(ApiController.java:44)
	at java.base/jdk.internal.misc.Unsafe.ensureClassInitialized0(Native Method)
	at java.base/jdk.internal.misc.Unsafe.ensureClassInitialized(Unsafe.java:1169)
	at java.base/jdk.internal.reflect.MethodHandleAccessorFactory.ensureClassInitialized(MethodHandleAccessorFactory.java:341)
	at java.base/jdk.internal.reflect.MethodHandleAccessorFactory.newConstructorAccessor(MethodHandleAccessorFactory.java:104)
	at java.base/jdk.internal.reflect.ReflectionFactory.newConstructorAccessor(ReflectionFactory.java:138)
	at java.base/java.lang.reflect.Constructor.acquireConstructorAccessor(Constructor.java:546)
	at java.base/java.lang.reflect.Constructor.newInstanceWithCaller(Constructor.java:496)
	at java.base/java.lang.reflect.Constructor.newInstance(Constructor.java:483)
	at org.springframework.beans.BeanUtils.instantiateClass(BeanUtils.java:197)
	at org.springframework.beans.factory.support.SimpleInstantiationStrategy.instantiate(SimpleInstantiationStrategy.java:87)
	at org.springframework.beans.factory.support.AbstractAutowireCapableBeanFactory.instantiateBean(AbstractAutowireCapableBeanFactory.java:1300)
	at org.springframework.beans.factory.support.AbstractAutowireCapableBeanFactory.createBeanInstance(AbstractAutowireCapableBeanFactory.java:1198)
	at org.springframework.beans.factory.support.AbstractAutowireCapableBeanFactory.doCreateBean(AbstractAutowireCapableBeanFactory.java:561)
	at org.springframework.beans.factory.support.AbstractAutowireCapableBeanFactory.createBean(AbstractAutowireCapableBeanFactory.java:521)
	at org.springframework.beans.factory.support.AbstractBeanFactory.lambda$doGetBean$0(AbstractBeanFactory.java:326)
	at org.springframework.beans.factory.support.DefaultSingletonBeanRegistry.getSingleton(DefaultSingletonBeanRegistry.java:234)
	at org.springframework.beans.factory.support.AbstractBeanFactory.doGetBean(AbstractBeanFactory.java:324)
	at org.springframework.beans.factory.support.AbstractBeanFactory.getBean(AbstractBeanFactory.java:200)
	at org.springframework.beans.factory.support.DefaultListableBeanFactory.preInstantiateSingletons(DefaultListableBeanFactory.java:961)
	at org.springframework.context.support.AbstractApplicationContext.finishBeanFactoryInitialization(AbstractApplicationContext.java:915)
	at org.springframework.context.support.AbstractApplicationContext.refresh(AbstractApplicationContext.java:584)
	at org.springframework.boot.web.servlet.context.ServletWebServerApplicationContext.refresh(ServletWebServerApplicationContext.java:146)
	at org.springframework.boot.SpringApplication.refresh(SpringApplication.java:730)
	at org.springframework.boot.SpringApplication.refreshContext(SpringApplication.java:432)
	at org.springframework.boot.SpringApplication.run(SpringApplication.java:308)
	at org.springframework.boot.SpringApplication.run(SpringApplication.java:1302)
	at org.springframework.boot.SpringApplication.run(SpringApplication.java:1291)
	at com.uniplanner.Main.main(Main.java:13)
Error saving time slot: [SQLITE_IOERR_DELETE] I/O error within xDelete (disk I/O error)
org.sqlite.SQLiteException: [SQLITE_IOERR_DELETE] I/O error within xDelete (disk I/O error)
	at org.sqlite.core.DB.newSQLException(DB.java:1179)
	at org.sqlite.core.DB.newSQLException(DB.java:1190)
	at org.sqlite.core.DB.throwex(DB.java:1150)
	at org.sqlite.core.NativeDB.prepare_utf8(Native Method)
	at org.sqlite.core.NativeDB.prepare(NativeDB.java:126)
	at org.sqlite.core.DB.prepare(DB.java:264)
	at org.sqlite.core.CorePreparedStatement.<init>(CorePreparedStatement.java:46)
	at org.sqlite.jdbc3.JDBC3PreparedStatement.<init>(JDBC3PreparedStatement.java:31)
	at org.sqlite.jdbc4.JDBC4PreparedStatement.<init>(JDBC4PreparedStatement.java:25)
	at org.sqlite.jdbc4.JDBC4Connection.prepareStatement(JDBC4Connection.java:34)
	at org.sqlite.jdbc3.JDBC3Connection.prepareStatement(JDBC3Connection.java:226)
	at org.sqlite.jdbc3.JDBC3Connection.prepareStatement(JDBC3Connection.java:206)
	at com.uniplanner.persistence.DatabaseManager.saveTimeSlot(DatabaseManager.java:575)
	at com.uniplanner.UniPlannerController.initializeDefaultTimeSlots(UniPlannerController.java:69)
	at com.uniplanner.UniPlannerController.<init>(UniPlannerController.java:33)
	at com.uniplanner.api.ApiController.<clinit>(ApiController.java:44)
	at java.base/jdk.internal.misc.Unsafe.ensureClassInitialized0(Native Method)
	at java.base/jdk.internal.misc.Unsafe.ensureClassInitialized(Unsafe.java:1169)
	at java.base/jdk.internal.reflect.MethodHandleAccessorFactory.ensureClassInitialized(MethodHandleAccessorFactory.java:341)
	at java.base/jdk.internal.reflect.MethodHandleAccessorFactory.newConstructorAccessor(MethodHandleAccessorFactory.java:104)
	at java.base/jdk.internal.reflect.ReflectionFactory.newConstructorAccessor(ReflectionFactory.java:138)
	at java.base/java.lang.reflect.Constructor.acquireConstructorAccessor(Constructor.java:546)
	at java.base/java.lang.reflect.Constructor.newInstanceWithCaller(Constructor.java:496)
	at java.base/java.lang.reflect.Constructor.newInstance(Constructor.java:483)
	at org.springframework.beans.BeanUtils.instantiateClass(BeanUtils.java:197)
	at org.springframework.beans.factory.support.SimpleInstantiationStrategy.instantiate(SimpleInstantiationStrategy.java:87)
	at org.springframework.beans.factory.support.AbstractAutowireCapableBeanFactory.instantiateBean(AbstractAutowireCapableBeanFactory.java:1300)
	at org.springframework.beans.factory.support.AbstractAutowireCapableBeanFactory.createBeanInstance(AbstractAutowireCapableBeanFactory.java:1198)
	at org.springframework.beans.factory.support.AbstractAutowireCapableBeanFactory.doCreateBean(AbstractAutowireCapableBeanFactory.java:561)
	at org.springframework.beans.factory.support.AbstractAutowireCapableBeanFactory.createBean(AbstractAutowireCapableBeanFactory.java:521)
	at org.springframework.beans.factory.support.AbstractBeanFactory.lambda$doGetBean$0(AbstractBeanFactory.java:326)
	at org.springframework.beans.factory.support.DefaultSingletonBeanRegistry.getSingleton(DefaultSingletonBeanRegistry.java:234)
	at org.springframework.beans.factory.support.AbstractBeanFactory.doGetBean(AbstractBeanFactory.java:324)
	at org.springframework.beans.factory.support.AbstractBeanFactory.getBean(AbstractBeanFactory.java:200)
	at org.springframework.beans.factory.support.DefaultListableBeanFactory.preInstantiateSingletons(DefaultListableBeanFactory.java:961)
	at org.springframework.context.support.AbstractApplicationContext.finishBeanFactoryInitialization(AbstractApplicationContext.java:915)
	at org.springframework.context.support.AbstractApplicationContext.refresh(AbstractApplicationContext.java:584)
	at org.springframework.boot.web.servlet.context.ServletWebServerApplicationContext.refresh(ServletWebServerApplicationContext.java:146)
	at org.springframework.boot.SpringApplication.refresh(SpringApplication.java:730)
	at org.springframework.boot.SpringApplication.refreshContext(SpringApplication.java:432)
	at org.springframework.boot.SpringApplication.run(SpringApplication.java:308)
	at org.springframework.boot.SpringApplication.run(SpringApplication.java:1302)
	at org.springframework.boot.SpringApplication.run(SpringApplication.java:1291)
	at com.uniplanner.Main.main(Main.java:13)
Error saving time slot: [SQLITE_IOERR_DELETE] I/O error within xDelete (disk I/O error)
org.sqlite.SQLiteException: [SQLITE_IOERR_DELETE] I/O error within xDelete (disk I/O error)
	at org.sqlite.core.DB.newSQLException(DB.java:1179)
	at org.sqlite.core.DB.newSQLException(DB.java:1190)
	at org.sqlite.core.DB.throwex(DB.java:1150)
	at org.sqlite.core.NativeDB.prepare_utf8(Native Method)
	at org.sqlite.core.NativeDB.prepare(NativeDB.java:126)
	at org.sqlite.core.DB.prepare(DB.java:264)
	at org.sqlite.core.CorePreparedStatement.<init>(CorePreparedStatement.java:46)
	at org.sqlite.jdbc3.JDBC3PreparedStatement.<init>(JDBC3PreparedStatement.java:31)
	at org.sqlite.jdbc4.JDBC4PreparedStatement.<init>(JDBC4PreparedStatement.java:25)
	at org.sqlite.jdbc4.JDBC4Connection.prepareStatement(JDBC4Connection.java:34)
	at org.sqlite.jdbc3.JDBC3Connection.prepareStatement(JDBC3Connection.java:226)
	at org.sqlite.jdbc3.JDBC3Connection.prepareStatement(JDBC3Connection.java:206)
	at com.uniplanner.persistence.DatabaseManager.saveTimeSlot(DatabaseManager.java:575)
	at com.uniplanner.UniPlannerController.initializeDefaultTimeSlots(UniPlannerController.java:69)
	at com.uniplanner.UniPlannerController.<init>(UniPlannerController.java:33)
	at com.uniplanner.api.ApiController.<clinit>(ApiController.java:44)
	at java.base/jdk.internal.misc.Unsafe.ensureClassInitialized0(Native Method)
	at java.base/jdk.internal.misc.Unsafe.ensureClassInitialized(Unsafe.java:1169)
	at java.base/jdk.internal.reflect.MethodHandleAccessorFactory.ensureClassInitialized(MethodHandleAccessorFactory.java:341)
	at java.base/jdk.internal.reflect.MethodHandleAccessorFactory.newConstructorAccessor(MethodHandleAccessorFactory.java:104)
	at java.base/jdk.internal.reflect.ReflectionFactory.newConstructorAccessor(ReflectionFactory.java:138)
	at java.base/java.lang.reflect.Constructor.acquireConstructorAccessor(Constructor.java:546)
	at java.base/java.lang.reflect.Constructor.newInstanceWithCaller(Constructor.java:496)
	at java.base/java.lang.reflect.Constructor.newInstance(Constructor.java:483)
	at org.springframework.beans.BeanUtils.instantiateClass(BeanUtils.java:197)
	at org.springframework.beans.factory.support.SimpleInstantiationStrategy.instantiate(SimpleInstantiationStrategy.java:87)
	at org.springframework.beans.factory.support.AbstractAutowireCapableBeanFactory.instantiateBean(AbstractAutowireCapableBeanFactory.java:1300)
	at org.springframework.beans.factory.support.AbstractAutowireCapableBeanFactory.createBeanInstance(AbstractAutowireCapableBeanFactory.java:1198)
	at org.springframework.beans.factory.support.AbstractAutowireCapableBeanFactory.doCreateBean(AbstractAutowireCapableBeanFactory.java:561)
	at org.springframework.beans.factory.support.AbstractAutowireCapableBeanFactory.createBean(AbstractAutowireCapableBeanFactory.java:521)
	at org.springframework.beans.factory.support.AbstractBeanFactory.lambda$doGetBean$0(AbstractBeanFactory.java:326)
	at org.springframework.beans.factory.support.DefaultSingletonBeanRegistry.getSingleton(DefaultSingletonBeanRegistry.java:234)
	at org.springframework.beans.factory.support.AbstractBeanFactory.doGetBean(AbstractBeanFactory.java:324)
	at org.springframework.beans.factory.support.AbstractBeanFactory.getBean(AbstractBeanFactory.java:200)
	at org.springframework.beans.factory.support.DefaultListableBeanFactory.preInstantiateSingletons(DefaultListableBeanFactory.java:961)
	at org.springframework.context.support.AbstractApplicationContext.finishBeanFactoryInitialization(AbstractApplicationContext.java:915)
	at org.springframework.context.support.AbstractApplicationContext.refresh(AbstractApplicationContext.java:584)
	at org.springframework.boot.web.servlet.context.ServletWebServerApplicationContext.refresh(ServletWebServerApplicationContext.java:146)
	at org.springframework.boot.SpringApplication.refresh(SpringApplication.java:730)
	at org.springframework.boot.SpringApplication.refreshContext(SpringApplication.java:432)
	at org.springframework.boot.SpringApplication.run(SpringApplication.java:308)
	at org.springframework.boot.SpringApplication.run(SpringApplication.java:1302)
	at org.springframework.boot.SpringApplication.run(SpringApplication.java:1291)
	at com.uniplanner.Main.main(Main.java:13)
Error saving time slot: [SQLITE_IOERR_DELETE] I/O error within xDelete (disk I/O error)
org.sqlite.SQLiteException: [SQLITE_IOERR_DELETE] I/O error within xDelete (disk I/O error)
	at org.sqlite.core.DB.newSQLException(DB.java:1179)
	at org.sqlite.core.DB.newSQLException(DB.java:1190)
	at org.sqlite.core.DB.throwex(DB.java:1150)
	at org.sqlite.core.NativeDB.prepare_utf8(Native Method)
	at org.sqlite.core.NativeDB.prepare(NativeDB.java:126)
	at org.sqlite.core.DB.prepare(DB.java:264)
	at org.sqlite.core.CorePreparedStatement.<init>(CorePreparedStatement.java:46)
	at org.sqlite.jdbc3.JDBC3PreparedStatement.<init>(JDBC3PreparedStatement.java:31)
	at org.sqlite.jdbc4.JDBC4PreparedStatement.<init>(JDBC4PreparedStatement.java:25)
	at org.sqlite.jdbc4.JDBC4Connection.prepareStatement(JDBC4Connection.java:34)
	at org.sqlite.jdbc3.JDBC3Connection.prepareStatement(JDBC3Connection.java:226)
	at org.sqlite.jdbc3.JDBC3Connection.prepareStatement(JDBC3Connection.java:206)
	at com.uniplanner.persistence.DatabaseManager.saveTimeSlot(DatabaseManager.java:575)
	at com.uniplanner.UniPlannerController.initializeDefaultTimeSlots(UniPlannerController.java:69)
	at com.uniplanner.UniPlannerController.<init>(UniPlannerController.java:33)
	at com.uniplanner.api.ApiController.<clinit>(ApiController.java:44)
	at java.base/jdk.internal.misc.Unsafe.ensureClassInitialized0(Native Method)
	at java.base/jdk.internal.misc.Unsafe.ensureClassInitialized(Unsafe.java:1169)
	at java.base/jdk.internal.reflect.MethodHandleAccessorFactory.ensureClassInitialized(MethodHandleAccessorFactory.java:341)
	at java.base/jdk.internal.reflect.MethodHandleAccessorFactory.newConstructorAccessor(MethodHandleAccessorFactory.java:104)
	at java.base/jdk.internal.reflect.ReflectionFactory.newConstructorAccessor(ReflectionFactory.java:138)
	at java.base/java.lang.reflect.Constructor.acquireConstructorAccessor(Constructor.java:546)
	at java.base/java.lang.reflect.Constructor.newInstanceWithCaller(Constructor.java:496)
	at java.base/java.lang.reflect.Constructor.newInstance(Constructor.java:483)
	at org.springframework.beans.BeanUtils.instantiateClass(BeanUtils.java:197)
	at org.springframework.beans.factory.support.SimpleInstantiationStrategy.instantiate(SimpleInstantiationStrategy.java:87)
	at org.springframework.beans.factory.support.AbstractAutowireCapableBeanFactory.instantiateBean(AbstractAutowireCapableBeanFactory.java:1300)
	at org.springframework.beans.factory.support.AbstractAutowireCapableBeanFactory.createBeanInstance(AbstractAutowireCapableBeanFactory.java:1198)
	at org.springframework.beans.factory.support.AbstractAutowireCapableBeanFactory.doCreateBean(AbstractAutowireCapableBeanFactory.java:561)
	at org.springframework.beans.factory.support.AbstractAutowireCapableBeanFactory.createBean(AbstractAutowireCapableBeanFactory.java:521)
	at org.springframework.beans.factory.support.AbstractBeanFactory.lambda$doGetBean$0(AbstractBeanFactory.java:326)
	at org.springframework.beans.factory.support.DefaultSingletonBeanRegistry.getSingleton(DefaultSingletonBeanRegistry.java:234)
	at org.springframework.beans.factory.support.AbstractBeanFactory.doGetBean(AbstractBeanFactory.java:324)
	at org.springframework.beans.factory.support.AbstractBeanFactory.getBean(AbstractBeanFactory.java:200)
	at org.springframework.beans.factory.support.DefaultListableBeanFactory.preInstantiateSingletons(DefaultListableBeanFactory.java:961)
	at org.springframework.context.support.AbstractApplicationContext.finishBeanFactoryInitialization(AbstractApplicationContext.java:915)
	at org.springframework.context.support.AbstractApplicationContext.refresh(AbstractApplicationContext.java:584)
	at org.springframework.boot.web.servlet.context.ServletWebServerApplicationContext.refresh(ServletWebServerApplicationContext.java:146)
	at org.springframework.boot.SpringApplication.refresh(SpringApplication.java:730)
	at org.springframework.boot.SpringApplication.refreshContext(SpringApplication.java:432)
	at org.springframework.boot.SpringApplication.run(SpringApplication.java:308)
	at org.springframework.boot.SpringApplication.run(SpringApplication.java:1302)
	at org.springframework.boot.SpringApplication.run(SpringApplication.java:1291)
	at com.uniplanner.Main.main(Main.java:13)
Error saving time slot: [SQLITE_IOERR_DELETE] I/O error within xDelete (disk I/O error)
org.sqlite.SQLiteException: [SQLITE_IOERR_DELETE] I/O error within xDelete (disk I/O error)
	at org.sqlite.core.DB.newSQLException(DB.java:1179)
	at org.sqlite.core.DB.newSQLException(DB.java:1190)
	at org.sqlite.core.DB.throwex(DB.java:1150)
	at org.sqlite.core.NativeDB.prepare_utf8(Native Method)
	at org.sqlite.core.NativeDB.prepare(NativeDB.java:126)
	at org.sqlite.core.DB.prepare(DB.java:264)
	at org.sqlite.core.CorePreparedStatement.<init>(CorePreparedStatement.java:46)
	at org.sqlite.jdbc3.JDBC3PreparedStatement.<init>(JDBC3PreparedStatement.java:31)
	at org.sqlite.jdbc4.JDBC4PreparedStatement.<init>(JDBC4PreparedStatement.java:25)
	at org.sqlite.jdbc4.JDBC4Connection.prepareStatement(JDBC4Connection.java:34)
	at org.sqlite.jdbc3.JDBC3Connection.prepareStatement(JDBC3Connection.java:226)
	at org.sqlite.jdbc3.JDBC3Connection.prepareStatement(JDBC3Connection.java:206)
	at com.uniplanner.persistence.DatabaseManager.saveTimeSlot(DatabaseManager.java:575)
	at com.uniplanner.UniPlannerController.initializeDefaultTimeSlots(UniPlannerController.java:69)
	at com.uniplanner.UniPlannerController.<init>(UniPlannerController.java:33)
	at com.uniplanner.api.ApiController.<clinit>(ApiController.java:44)
	at java.base/jdk.internal.misc.Unsafe.ensureClassInitialized0(Native Method)
	at java.base/jdk.internal.misc.Unsafe.ensureClassInitialized(Unsafe.java:1169)
	at java.base/jdk.internal.reflect.MethodHandleAccessorFactory.ensureClassInitialized(MethodHandleAccessorFactory.java:341)
	at java.base/jdk.internal.reflect.MethodHandleAccessorFactory.newConstructorAccessor(MethodHandleAccessorFactory.java:104)
	at java.base/jdk.internal.reflect.ReflectionFactory.newConstructorAccessor(ReflectionFactory.java:138)
	at java.base/java.lang.reflect.Constructor.acquireConstructorAccessor(Constructor.java:546)
	at java.base/java.lang.reflect.Constructor.newInstanceWithCaller(Constructor.java:496)
	at java.base/java.lang.reflect.Constructor.newInstance(Constructor.java:483)
	at org.springframework.beans.BeanUtils.instantiateClass(BeanUtils.java:197)
	at org.springframework.beans.factory.support.SimpleInstantiationStrategy.instantiate(SimpleInstantiationStrategy.java:87)
	at org.springframework.beans.factory.support.AbstractAutowireCapableBeanFactory.instantiateBean(AbstractAutowireCapableBeanFactory.java:1300)
	at org.springframework.beans.factory.support.AbstractAutowireCapableBeanFactory.createBeanInstance(AbstractAutowireCapableBeanFactory.java:1198)
	at org.springframework.beans.factory.support.AbstractAutowireCapableBeanFactory.doCreateBean(AbstractAutowireCapableBeanFactory.java:561)
	at org.springframework.beans.factory.support.AbstractAutowireCapableBeanFactory.createBean(AbstractAutowireCapableBeanFactory.java:521)
	at org.springframework.beans.factory.support.AbstractBeanFactory.lambda$doGetBean$0(AbstractBeanFactory.java:326)
	at org.springframework.beans.factory.support.DefaultSingletonBeanRegistry.getSingleton(DefaultSingletonBeanRegistry.java:234)
	at org.springframework.beans.factory.support.AbstractBeanFactory.doGetBean(AbstractBeanFactory.java:324)
	at org.springframework.beans.factory.support.AbstractBeanFactory.getBean(AbstractBeanFactory.java:200)
	at org.springframework.beans.factory.support.DefaultListableBeanFactory.preInstantiateSingletons(DefaultListableBeanFactory.java:961)
	at org.springframework.context.support.AbstractApplicationContext.finishBeanFactoryInitialization(AbstractApplicationContext.java:915)
	at org.springframework.context.support.AbstractApplicationContext.refresh(AbstractApplicationContext.java:584)
	at org.springframework.boot.web.servlet.context.ServletWebServerApplicationContext.refresh(ServletWebServerApplicationContext.java:146)
	at org.springframework.boot.SpringApplication.refresh(SpringApplication.java:730)
	at org.springframework.boot.SpringApplication.refreshContext(SpringApplication.java:432)
	at org.springframework.boot.SpringApplication.run(SpringApplication.java:308)
	at org.springframework.boot.SpringApplication.run(SpringApplication.java:1302)
	at org.springframework.boot.SpringApplication.run(SpringApplication.java:1291)
	at com.uniplanner.Main.main(Main.java:13)
Error saving time slot: [SQLITE_IOERR_DELETE] I/O error within xDelete (disk I/O error)
org.sqlite.SQLiteException: [SQLITE_IOERR_DELETE] I/O error within xDelete (disk I/O error)
	at org.sqlite.core.DB.newSQLException(DB.java:1179)
	at org.sqlite.core.DB.newSQLException(DB.java:1190)
	at org.sqlite.core.DB.throwex(DB.java:1150)
	at org.sqlite.core.NativeDB.prepare_utf8(Native Method)
	at org.sqlite.core.NativeDB.prepare(NativeDB.java:126)
	at org.sqlite.core.DB.prepare(DB.java:264)
	at org.sqlite.core.CorePreparedStatement.<init>(CorePreparedStatement.java:46)
	at org.sqlite.jdbc3.JDBC3PreparedStatement.<init>(JDBC3PreparedStatement.java:31)
	at org.sqlite.jdbc4.JDBC4PreparedStatement.<init>(JDBC4PreparedStatement.java:25)
	at org.sqlite.jdbc4.JDBC4Connection.prepareStatement(JDBC4Connection.java:34)
	at org.sqlite.jdbc3.JDBC3Connection.prepareStatement(JDBC3Connection.java:226)
	at org.sqlite.jdbc3.JDBC3Connection.prepareStatement(JDBC3Connection.java:206)
	at com.uniplanner.persistence.DatabaseManager.saveTimeSlot(DatabaseManager.java:575)
	at com.uniplanner.UniPlannerController.initializeDefaultTimeSlots(UniPlannerController.java:69)
	at com.uniplanner.UniPlannerController.<init>(UniPlannerController.java:33)
	at com.uniplanner.api.ApiController.<clinit>(ApiController.java:44)
	at java.base/jdk.internal.misc.Unsafe.ensureClassInitialized0(Native Method)
	at java.base/jdk.internal.misc.Unsafe.ensureClassInitialized(Unsafe.java:1169)
	at java.base/jdk.internal.reflect.MethodHandleAccessorFactory.ensureClassInitialized(MethodHandleAccessorFactory.java:341)
	at java.base/jdk.internal.reflect.MethodHandleAccessorFactory.newConstructorAccessor(MethodHandleAccessorFactory.java:104)
	at java.base/jdk.internal.reflect.ReflectionFactory.newConstructorAccessor(ReflectionFactory.java:138)
	at java.base/java.lang.reflect.Constructor.acquireConstructorAccessor(Constructor.java:546)
	at java.base/java.lang.reflect.Constructor.newInstanceWithCaller(Constructor.java:496)
	at java.base/java.lang.reflect.Constructor.newInstance(Constructor.java:483)
	at org.springframework.beans.BeanUtils.instantiateClass(BeanUtils.java:197)
	at org.springframework.beans.factory.support.SimpleInstantiationStrategy.instantiate(SimpleInstantiationStrategy.java:87)
	at org.springframework.beans.factory.support.AbstractAutowireCapableBeanFactory.instantiateBean(AbstractAutowireCapableBeanFactory.java:1300)
	at org.springframework.beans.factory.support.AbstractAutowireCapableBeanFactory.createBeanInstance(AbstractAutowireCapableBeanFactory.java:1198)
	at org.springframework.beans.factory.support.AbstractAutowireCapableBeanFactory.doCreateBean(AbstractAutowireCapableBeanFactory.java:561)
	at org.springframework.beans.factory.support.AbstractAutowireCapableBeanFactory.createBean(AbstractAutowireCapableBeanFactory.java:521)
	at org.springframework.beans.factory.support.AbstractBeanFactory.lambda$doGetBean$0(AbstractBeanFactory.java:326)
	at org.springframework.beans.factory.support.DefaultSingletonBeanRegistry.getSingleton(DefaultSingletonBeanRegistry.java:234)
	at org.springframework.beans.factory.support.AbstractBeanFactory.doGetBean(AbstractBeanFactory.java:324)
	at org.springframework.beans.factory.support.AbstractBeanFactory.getBean(AbstractBeanFactory.java:200)
	at org.springframework.beans.factory.support.DefaultListableBeanFactory.preInstantiateSingletons(DefaultListableBeanFactory.java:961)
	at org.springframework.context.support.AbstractApplicationContext.finishBeanFactoryInitialization(AbstractApplicationContext.java:915)
	at org.springframework.context.support.AbstractApplicationContext.refresh(AbstractApplicationContext.java:584)
	at org.springframework.boot.web.servlet.context.ServletWebServerApplicationContext.refresh(ServletWebServerApplicationContext.java:146)
	at org.springframework.boot.SpringApplication.refresh(SpringApplication.java:730)
	at org.springframework.boot.SpringApplication.refreshContext(SpringApplication.java:432)
	at org.springframework.boot.SpringApplication.run(SpringApplication.java:308)
	at org.springframework.boot.SpringApplication.run(SpringApplication.java:1302)
	at org.springframework.boot.SpringApplication.run(SpringApplication.java:1291)
	at com.uniplanner.Main.main(Main.java:13)
Error saving time slot: [SQLITE_IOERR_DELETE] I/O error within xDelete (disk I/O error)
org.sqlite.SQLiteException: [SQLITE_IOERR_DELETE] I/O error within xDelete (disk I/O error)
	at org.sqlite.core.DB.newSQLException(DB.java:1179)
	at org.sqlite.core.DB.newSQLException(DB.java:1190)
	at org.sqlite.core.DB.throwex(DB.java:1150)
	at org.sqlite.core.NativeDB.prepare_utf8(Native Method)
	at org.sqlite.core.NativeDB.prepare(NativeDB.java:126)
	at org.sqlite.core.DB.prepare(DB.java:264)
	at org.sqlite.core.CorePreparedStatement.<init>(CorePreparedStatement.java:46)
	at org.sqlite.jdbc3.JDBC3PreparedStatement.<init>(JDBC3PreparedStatement.java:31)
	at org.sqlite.jdbc4.JDBC4PreparedStatement.<init>(JDBC4PreparedStatement.java:25)
	at org.sqlite.jdbc4.JDBC4Connection.prepareStatement(JDBC4Connection.java:34)
	at org.sqlite.jdbc3.JDBC3Connection.prepareStatement(JDBC3Connection.java:226)
	at org.sqlite.jdbc3.JDBC3Connection.prepareStatement(JDBC3Connection.java:206)
	at com.uniplanner.persistence.DatabaseManager.saveTimeSlot(DatabaseManager.java:575)
	at com.uniplanner.UniPlannerController.initializeDefaultTimeSlots(UniPlannerController.java:69)
	at com.uniplanner.UniPlannerController.<init>(UniPlannerController.java:33)
	at com.uniplanner.api.ApiController.<clinit>(ApiController.java:44)
	at java.base/jdk.internal.misc.Unsafe.ensureClassInitialized0(Native Method)
	at java.base/jdk.internal.misc.Unsafe.ensureClassInitialized(Unsafe.java:1169)
	at java.base/jdk.internal.reflect.MethodHandleAccessorFactory.ensureClassInitialized(MethodHandleAccessorFactory.java:341)
	at java.base/jdk.internal.reflect.MethodHandleAccessorFactory.newConstructorAccessor(MethodHandleAccessorFactory.java:104)
	at java.base/jdk.internal.reflect.ReflectionFactory.newConstructorAccessor(ReflectionFactory.java:138)
	at java.base/java.lang.reflect.Constructor.acquireConstructorAccessor(Constructor.java:546)
	at java.base/java.lang.reflect.Constructor.newInstanceWithCaller(Constructor.java:496)
	at java.base/java.lang.reflect.Constructor.newInstance(Constructor.java:483)
	at org.springframework.beans.BeanUtils.instantiateClass(BeanUtils.java:197)
	at org.springframework.beans.factory.support.SimpleInstantiationStrategy.instantiate(SimpleInstantiationStrategy.java:87)
	at org.springframework.beans.factory.support.AbstractAutowireCapableBeanFactory.instantiateBean(AbstractAutowireCapableBeanFactory.java:1300)
	at org.springframework.beans.factory.support.AbstractAutowireCapableBeanFactory.createBeanInstance(AbstractAutowireCapableBeanFactory.java:1198)
	at org.springframework.beans.factory.support.AbstractAutowireCapableBeanFactory.doCreateBean(AbstractAutowireCapableBeanFactory.java:561)
	at org.springframework.beans.factory.support.AbstractAutowireCapableBeanFactory.createBean(AbstractAutowireCapableBeanFactory.java:521)
	at org.springframework.beans.factory.support.AbstractBeanFactory.lambda$doGetBean$0(AbstractBeanFactory.java:326)
	at org.springframework.beans.factory.support.DefaultSingletonBeanRegistry.getSingleton(DefaultSingletonBeanRegistry.java:234)
	at org.springframework.beans.factory.support.AbstractBeanFactory.doGetBean(AbstractBeanFactory.java:324)
	at org.springframework.beans.factory.support.AbstractBeanFactory.getBean(AbstractBeanFactory.java:200)
	at org.springframework.beans.factory.support.DefaultListableBeanFactory.preInstantiateSingletons(DefaultListableBeanFactory.java:961)
	at org.springframework.context.support.AbstractApplicationContext.finishBeanFactoryInitialization(AbstractApplicationContext.java:915)
	at org.springframework.context.support.AbstractApplicationContext.refresh(AbstractApplicationContext.java:584)
	at org.springframework.boot.web.servlet.context.ServletWebServerApplicationContext.refresh(ServletWebServerApplicationContext.java:146)
	at org.springframework.boot.SpringApplication.refresh(SpringApplication.java:730)
	at org.springframework.boot.SpringApplication.refreshContext(SpringApplication.java:432)
	at org.springframework.boot.SpringApplication.run(SpringApplication.java:308)
	at org.springframework.boot.SpringApplication.run(SpringApplication.java:1302)
	at org.springframework.boot.SpringApplication.run(SpringApplication.java:1291)
	at com.uniplanner.Main.main(Main.java:13)
Error saving time slot: [SQLITE_IOERR_DELETE] I/O error within xDelete (disk I/O error)
org.sqlite.SQLiteException: [SQLITE_IOERR_DELETE] I/O error within xDelete (disk I/O error)
	at org.sqlite.core.DB.newSQLException(DB.java:1179)
	at org.sqlite.core.DB.newSQLException(DB.java:1190)
	at org.sqlite.core.DB.throwex(DB.java:1150)
	at org.sqlite.core.NativeDB.prepare_utf8(Native Method)
	at org.sqlite.core.NativeDB.prepare(NativeDB.java:126)
	at org.sqlite.core.DB.prepare(DB.java:264)
	at org.sqlite.core.CorePreparedStatement.<init>(CorePreparedStatement.java:46)
	at org.sqlite.jdbc3.JDBC3PreparedStatement.<init>(JDBC3PreparedStatement.java:31)
	at org.sqlite.jdbc4.JDBC4PreparedStatement.<init>(JDBC4PreparedStatement.java:25)
	at org.sqlite.jdbc4.JDBC4Connection.prepareStatement(JDBC4Connection.java:34)
	at org.sqlite.jdbc3.JDBC3Connection.prepareStatement(JDBC3Connection.java:226)
	at org.sqlite.jdbc3.JDBC3Connection.prepareStatement(JDBC3Connection.java:206)
	at com.uniplanner.persistence.DatabaseManager.saveTimeSlot(DatabaseManager.java:575)
	at com.uniplanner.UniPlannerController.initializeDefaultTimeSlots(UniPlannerController.java:69)
	at com.uniplanner.UniPlannerController.<init>(UniPlannerController.java:33)
	at com.uniplanner.api.ApiController.<clinit>(ApiController.java:44)
	at java.base/jdk.internal.misc.Unsafe.ensureClassInitialized0(Native Method)
	at java.base/jdk.internal.misc.Unsafe.ensureClassInitialized(Unsafe.java:1169)
	at java.base/jdk.internal.reflect.MethodHandleAccessorFactory.ensureClassInitialized(MethodHandleAccessorFactory.java:341)
	at java.base/jdk.internal.reflect.MethodHandleAccessorFactory.newConstructorAccessor(MethodHandleAccessorFactory.java:104)
	at java.base/jdk.internal.reflect.ReflectionFactory.newConstructorAccessor(ReflectionFactory.java:138)
	at java.base/java.lang.reflect.Constructor.acquireConstructorAccessor(Constructor.java:546)
	at java.base/java.lang.reflect.Constructor.newInstanceWithCaller(Constructor.java:496)
	at java.base/java.lang.reflect.Constructor.newInstance(Constructor.java:483)
	at org.springframework.beans.BeanUtils.instantiateClass(BeanUtils.java:197)
	at org.springframework.beans.factory.support.SimpleInstantiationStrategy.instantiate(SimpleInstantiationStrategy.java:87)
	at org.springframework.beans.factory.support.AbstractAutowireCapableBeanFactory.instantiateBean(AbstractAutowireCapableBeanFactory.java:1300)
	at org.springframework.beans.factory.support.AbstractAutowireCapableBeanFactory.createBeanInstance(AbstractAutowireCapableBeanFactory.java:1198)
	at org.springframework.beans.factory.support.AbstractAutowireCapableBeanFactory.doCreateBean(AbstractAutowireCapableBeanFactory.java:561)
	at org.springframework.beans.factory.support.AbstractAutowireCapableBeanFactory.createBean(AbstractAutowireCapableBeanFactory.java:521)
	at org.springframework.beans.factory.support.AbstractBeanFactory.lambda$doGetBean$0(AbstractBeanFactory.java:326)
	at org.springframework.beans.factory.support.DefaultSingletonBeanRegistry.getSingleton(DefaultSingletonBeanRegistry.java:234)
	at org.springframework.beans.factory.support.AbstractBeanFactory.doGetBean(AbstractBeanFactory.java:324)
	at org.springframework.beans.factory.support.AbstractBeanFactory.getBean(AbstractBeanFactory.java:200)
	at org.springframework.beans.factory.support.DefaultListableBeanFactory.preInstantiateSingletons(DefaultListableBeanFactory.java:961)
	at org.springframework.context.support.AbstractApplicationContext.finishBeanFactoryInitialization(AbstractApplicationContext.java:915)
	at org.springframework.context.support.AbstractApplicationContext.refresh(AbstractApplicationContext.java:584)
	at org.springframework.boot.web.servlet.context.ServletWebServerApplicationContext.refresh(ServletWebServerApplicationContext.java:146)
	at org.springframework.boot.SpringApplication.refresh(SpringApplication.java:730)
	at org.springframework.boot.SpringApplication.refreshContext(SpringApplication.java:432)
	at org.springframework.boot.SpringApplication.run(SpringApplication.java:308)
	at org.springframework.boot.SpringApplication.run(SpringApplication.java:1302)
	at org.springframework.boot.SpringApplication.run(SpringApplication.java:1291)
	at com.uniplanner.Main.main(Main.java:13)
Error saving faculty: [SQLITE_IOERR_DELETE] I/O error within xDelete (disk I/O error)
org.sqlite.SQLiteException: [SQLITE_IOERR_DELETE] I/O error within xDelete (disk I/O error)
	at org.sqlite.core.DB.newSQLException(DB.java:1179)
	at org.sqlite.core.DB.newSQLException(DB.java:1190)
	at org.sqlite.core.DB.throwex(DB.java:1150)
	at org.sqlite.core.NativeDB.prepare_utf8(Native Method)
	at org.sqlite.core.NativeDB.prepare(NativeDB.java:126)
	at org.sqlite.core.DB.prepare(DB.java:264)
	at org.sqlite.core.CorePreparedStatement.<init>(CorePreparedStatement.java:46)
	at org.sqlite.jdbc3.JDBC3PreparedStatement.<init>(JDBC3PreparedStatement.java:31)
	at org.sqlite.jdbc4.JDBC4PreparedStatement.<init>(JDBC4PreparedStatement.java:25)
	at org.sqlite.jdbc4.JDBC4Connection.prepareStatement(JDBC4Connection.java:34)
	at org.sqlite.jdbc3.JDBC3Connection.prepareStatement(JDBC3Connection.java:226)
	at org.sqlite.jdbc3.JDBC3Connection.prepareStatement(JDBC3Connection.java:206)
	at com.uniplanner.persistence.DatabaseManager.saveFaculty(DatabaseManager.java:167)
	at com.uniplanner.UniPlannerController.addFaculty(UniPlannerController.java:80)
	at com.uniplanner.UniPlannerController.loadSampleData(UniPlannerController.java:268)
	at com.uniplanner.api.ApiController.<clinit>(ApiController.java:45)
	at java.base/jdk.internal.misc.Unsafe.ensureClassInitialized0(Native Method)
	at java.base/jdk.internal.misc.Unsafe.ensureClassInitialized(Unsafe.java:1169)
	at java.base/jdk.internal.reflect.MethodHandleAccessorFactory.ensureClassInitialized(MethodHandleAccessorFactory.java:341)
	at java.base/jdk.internal.reflect.MethodHandleAccessorFactory.newConstructorAccessor(MethodHandleAccessorFactory.java:104)
	at java.base/jdk.internal.reflect.ReflectionFactory.newConstructorAccessor(ReflectionFactory.java:138)
	at java.base/java.lang.reflect.Constructor.acquireConstructorAccessor(Constructor.java:546)
	at java.base/java.lang.reflect.Constructor.newInstanceWithCaller(Constructor.java:496)
	at java.base/java.lang.reflect.Constructor.newInstance(Constructor.java:483)
	at org.springframework.beans.BeanUtils.instantiateClass(BeanUtils.java:197)
	at org.springframework.beans.factory.support.SimpleInstantiationStrategy.instantiate(SimpleInstantiationStrategy.java:87)
	at org.springframework.beans.factory.support.AbstractAutowireCapableBeanFactory.instantiateBean(AbstractAutowireCapableBeanFactory.java:1300)
	at org.springframework.beans.factory.support.AbstractAutowireCapableBeanFactory.createBeanInstance(AbstractAutowireCapableBeanFactory.java:1198)
	at org.springframework.beans.factory.support.AbstractAutowireCapableBeanFactory.doCreateBean(AbstractAutowireCapableBeanFactory.java:561)
	at org.springframework.beans.factory.support.AbstractAutowireCapableBeanFactory.createBean(AbstractAutowireCapableBeanFactory.java:521)
	at org.springframework.beans.factory.support.AbstractBeanFactory.lambda$doGetBean$0(AbstractBeanFactory.java:326)
	at org.springframework.beans.factory.support.DefaultSingletonBeanRegistry.getSingleton(DefaultSingletonBeanRegistry.java:234)
	at org.springframework.beans.factory.support.AbstractBeanFactory.doGetBean(AbstractBeanFactory.java:324)
	at org.springframework.beans.factory.support.AbstractBeanFactory.getBean(AbstractBeanFactory.java:200)
	at org.springframework.beans.factory.support.DefaultListableBeanFactory.preInstantiateSingletons(DefaultListableBeanFactory.java:961)
	at org.springframework.context.support.AbstractApplicationContext.finishBeanFactoryInitialization(AbstractApplicationContext.java:915)
	at org.springframework.context.support.AbstractApplicationContext.refresh(AbstractApplicationContext.java:584)
	at org.springframework.boot.web.servlet.context.ServletWebServerApplicationContext.refresh(ServletWebServerApplicationContext.java:146)
	at org.springframework.boot.SpringApplication.refresh(SpringApplication.java:730)
	at org.springframework.boot.SpringApplication.refreshContext(SpringApplication.java:432)
	at org.springframework.boot.SpringApplication.run(SpringApplication.java:308)
	at org.springframework.boot.SpringApplication.run(SpringApplication.java:1302)
	at org.springframework.boot.SpringApplication.run(SpringApplication.java:1291)
	at com.uniplanner.Main.main(Main.java:13)
Error saving faculty: [SQLITE_IOERR_DELETE] I/O error within xDelete (disk I/O error)
org.sqlite.SQLiteException: [SQLITE_IOERR_DELETE] I/O error within xDelete (disk I/O error)
	at org.sqlite.core.DB.newSQLException(DB.java:1179)
	at org.sqlite.core.DB.newSQLException(DB.java:1190)
	at org.sqlite.core.DB.throwex(DB.java:1150)
	at org.sqlite.core.NativeDB.prepare_utf8(Native Method)
	at org.sqlite.core.NativeDB.prepare(NativeDB.java:126)
	at org.sqlite.core.DB.prepare(DB.java:264)
	at org.sqlite.core.CorePreparedStatement.<init>(CorePreparedStatement.java:46)
	at org.sqlite.jdbc3.JDBC3PreparedStatement.<init>(JDBC3PreparedStatement.java:31)
	at org.sqlite.jdbc4.JDBC4PreparedStatement.<init>(JDBC4PreparedStatement.java:25)
	at org.sqlite.jdbc4.JDBC4Connection.prepareStatement(JDBC4Connection.java:34)
	at org.sqlite.jdbc3.JDBC3Connection.prepareStatement(JDBC3Connection.java:226)
	at org.sqlite.jdbc3.JDBC3Connection.prepareStatement(JDBC3Connection.java:206)
	at com.uniplanner.persistence.DatabaseManager.saveFaculty(DatabaseManager.java:167)
	at com.uniplanner.UniPlannerController.addFaculty(UniPlannerController.java:80)
	at com.uniplanner.UniPlannerController.loadSampleData(UniPlannerController.java:269)
	at com.uniplanner.api.ApiController.<clinit>(ApiController.java:45)
	at java.base/jdk.internal.misc.Unsafe.ensureClassInitialized0(Native Method)
	at java.base/jdk.internal.misc.Unsafe.ensureClassInitialized(Unsafe.java:1169)
	at java.base/jdk.internal.reflect.MethodHandleAccessorFactory.ensureClassInitialized(MethodHandleAccessorFactory.java:341)
	at java.base/jdk.internal.reflect.MethodHandleAccessorFactory.newConstructorAccessor(MethodHandleAccessorFactory.java:104)
	at java.base/jdk.internal.reflect.ReflectionFactory.newConstructorAccessor(ReflectionFactory.java:138)
	at java.base/java.lang.reflect.Constructor.acquireConstructorAccessor(Constructor.java:546)
	at java.base/java.lang.reflect.Constructor.newInstanceWithCaller(Constructor.java:496)
	at java.base/java.lang.reflect.Constructor.newInstance(Constructor.java:483)
	at org.springframework.beans.BeanUtils.instantiateClass(BeanUtils.java:197)
	at org.springframework.beans.factory.support.SimpleInstantiationStrategy.instantiate(SimpleInstantiationStrategy.java:87)
	at org.springframework.beans.factory.support.AbstractAutowireCapableBeanFactory.instantiateBean(AbstractAutowireCapableBeanFactory.java:1300)
	at org.springframework.beans.factory.support.AbstractAutowireCapableBeanFactory.createBeanInstance(AbstractAutowireCapableBeanFactory.java:1198)
	at org.springframework.beans.factory.support.AbstractAutowireCapableBeanFactory.doCreateBean(AbstractAutowireCapableBeanFactory.java:561)
	at org.springframework.beans.factory.support.AbstractAutowireCapableBeanFactory.createBean(AbstractAutowireCapableBeanFactory.java:521)
	at org.springframework.beans.factory.support.AbstractBeanFactory.lambda$doGetBean$0(AbstractBeanFactory.java:326)
	at org.springframework.beans.factory.support.DefaultSingletonBeanRegistry.getSingleton(DefaultSingletonBeanRegistry.java:234)
	at org.springframework.beans.factory.support.AbstractBeanFactory.doGetBean(AbstractBeanFactory.java:324)
	at org.springframework.beans.factory.support.AbstractBeanFactory.getBean(AbstractBeanFactory.java:200)
	at org.springframework.beans.factory.support.DefaultListableBeanFactory.preInstantiateSingletons(DefaultListableBeanFactory.java:961)
	at org.springframework.context.support.AbstractApplicationContext.finishBeanFactoryInitialization(AbstractApplicationContext.java:915)
	at org.springframework.context.support.AbstractApplicationContext.refresh(AbstractApplicationContext.java:584)
	at org.springframework.boot.web.servlet.context.ServletWebServerApplicationContext.refresh(ServletWebServerApplicationContext.java:146)
	at org.springframework.boot.SpringApplication.refresh(SpringApplication.java:730)
	at org.springframework.boot.SpringApplication.refreshContext(SpringApplication.java:432)
	at org.springframework.boot.SpringApplication.run(SpringApplication.java:308)
	at org.springframework.boot.SpringApplication.run(SpringApplication.java:1302)
	at org.springframework.boot.SpringApplication.run(SpringApplication.java:1291)
	at com.uniplanner.Main.main(Main.java:13)
Error saving subject: [SQLITE_IOERR_DELETE] I/O error within xDelete (disk I/O error)
org.sqlite.SQLiteException: [SQLITE_IOERR_DELETE] I/O error within xDelete (disk I/O error)
	at org.sqlite.core.DB.newSQLException(DB.java:1179)
	at org.sqlite.core.DB.newSQLException(DB.java:1190)
	at org.sqlite.core.DB.throwex(DB.java:1150)
	at org.sqlite.core.NativeDB.prepare_utf8(Native Method)
	at org.sqlite.core.NativeDB.prepare(NativeDB.java:126)
	at org.sqlite.core.DB.prepare(DB.java:264)
	at org.sqlite.core.CorePreparedStatement.<init>(CorePreparedStatement.java:46)
	at org.sqlite.jdbc3.JDBC3PreparedStatement.<init>(JDBC3PreparedStatement.java:31)
	at org.sqlite.jdbc4.JDBC4PreparedStatement.<init>(JDBC4PreparedStatement.java:25)
	at org.sqlite.jdbc4.JDBC4Connection.prepareStatement(JDBC4Connection.java:34)
	at org.sqlite.jdbc3.JDBC3Connection.prepareStatement(JDBC3Connection.java:226)
	at org.sqlite.jdbc3.JDBC3Connection.prepareStatement(JDBC3Connection.java:206)
	at com.uniplanner.persistence.DatabaseManager.saveSubject(DatabaseManager.java:315)
	at com.uniplanner.UniPlannerController.addSubject(UniPlannerController.java:89)
	at com.uniplanner.UniPlannerController.loadSampleData(UniPlannerController.java:275)
	at com.uniplanner.api.ApiController.<clinit>(ApiController.java:45)
	at java.base/jdk.internal.misc.Unsafe.ensureClassInitialized0(Native Method)
	at java.base/jdk.internal.misc.Unsafe.ensureClassInitialized(Unsafe.java:1169)
	at java.base/jdk.internal.reflect.MethodHandleAccessorFactory.ensureClassInitialized(MethodHandleAccessorFactory.java:341)
	at java.base/jdk.internal.reflect.MethodHandleAccessorFactory.newConstructorAccessor(MethodHandleAccessorFactory.java:104)
	at java.base/jdk.internal.reflect.ReflectionFactory.newConstructorAccessor(ReflectionFactory.java:138)
	at java.base/java.lang.reflect.Constructor.acquireConstructorAccessor(Constructor.java:546)
	at java.base/java.lang.reflect.Constructor.newInstanceWithCaller(Constructor.java:496)
	at java.base/java.lang.reflect.Constructor.newInstance(Constructor.java:483)
	at org.springframework.beans.BeanUtils.instantiateClass(BeanUtils.java:197)
	at org.springframework.beans.factory.support.SimpleInstantiationStrategy.instantiate(SimpleInstantiationStrategy.java:87)
	at org.springframework.beans.factory.support.AbstractAutowireCapableBeanFactory.instantiateBean(AbstractAutowireCapableBeanFactory.java:1300)
	at org.springframework.beans.factory.support.AbstractAutowireCapableBeanFactory.createBeanInstance(AbstractAutowireCapableBeanFactory.java:1198)
	at org.springframework.beans.factory.support.AbstractAutowireCapableBeanFactory.doCreateBean(AbstractAutowireCapableBeanFactory.java:561)
	at org.springframework.beans.factory.support.AbstractAutowireCapableBeanFactory.createBean(AbstractAutowireCapableBeanFactory.java:521)
	at org.springframework.beans.factory.support.AbstractBeanFactory.lambda$doGetBean$0(AbstractBeanFactory.java:326)
	at org.springframework.beans.factory.support.DefaultSingletonBeanRegistry.getSingleton(DefaultSingletonBeanRegistry.java:234)
	at org.springframework.beans.factory.support.AbstractBeanFactory.doGetBean(AbstractBeanFactory.java:324)
	at org.springframework.beans.factory.support.AbstractBeanFactory.getBean(AbstractBeanFactory.java:200)
	at org.springframework.beans.factory.support.DefaultListableBeanFactory.preInstantiateSingletons(DefaultListableBeanFactory.java:961)
	at org.springframework.context.support.AbstractApplicationContext.finishBeanFactoryInitialization(AbstractApplicationContext.java:915)
	at org.springframework.context.support.AbstractApplicationContext.refresh(AbstractApplicationContext.java:584)
	at org.springframework.boot.web.servlet.context.ServletWebServerApplicationContext.refresh(ServletWebServerApplicationContext.java:146)
	at org.springframework.boot.SpringApplication.refresh(SpringApplication.java:730)
	at org.springframework.boot.SpringApplication.refreshContext(SpringApplication.java:432)
	at org.springframework.boot.SpringApplication.run(SpringApplication.java:308)
	at org.springframework.boot.SpringApplication.run(SpringApplication.java:1302)
	at org.springframework.boot.SpringApplication.run(SpringApplication.java:1291)
	at com.uniplanner.Main.main(Main.java:13)
Error saving subject: [SQLITE_IOERR_DELETE] I/O error within xDelete (disk I/O error)
org.sqlite.SQLiteException: [SQLITE_IOERR_DELETE] I/O error within xDelete (disk I/O error)
	at org.sqlite.core.DB.newSQLException(DB.java:1179)
	at org.sqlite.core.DB.newSQLException(DB.java:1190)
	at org.sqlite.core.DB.throwex(DB.java:1150)
	at org.sqlite.core.NativeDB.prepare_utf8(Native Method)
	at org.sqlite.core.NativeDB.prepare(NativeDB.java:126)
	at org.sqlite.core.DB.prepare(DB.java:264)
	at org.sqlite.core.CorePreparedStatement.<init>(CorePreparedStatement.java:46)
	at org.sqlite.jdbc3.JDBC3PreparedStatement.<init>(JDBC3PreparedStatement.java:31)
	at org.sqlite.jdbc4.JDBC4PreparedStatement.<init>(JDBC4PreparedStatement.java:25)
	at org.sqlite.jdbc4.JDBC4Connection.prepareStatement(JDBC4Connection.java:34)
	at org.sqlite.jdbc3.JDBC3Connection.prepareStatement(JDBC3Connection.java:226)
	at org.sqlite.jdbc3.JDBC3Connection.prepareStatement(JDBC3Connection.java:206)
	at com.uniplanner.persistence.DatabaseManager.saveSubject(DatabaseManager.java:315)
	at com.uniplanner.UniPlannerController.addSubject(UniPlannerController.java:89)
	at com.uniplanner.UniPlannerController.loadSampleData(UniPlannerController.java:276)
	at com.uniplanner.api.ApiController.<clinit>(ApiController.java:45)
	at java.base/jdk.internal.misc.Unsafe.ensureClassInitialized0(Native Method)
	at java.base/jdk.internal.misc.Unsafe.ensureClassInitialized(Unsafe.java:1169)
	at java.base/jdk.internal.reflect.MethodHandleAccessorFactory.ensureClassInitialized(MethodHandleAccessorFactory.java:341)
	at java.base/jdk.internal.reflect.MethodHandleAccessorFactory.newConstructorAccessor(MethodHandleAccessorFactory.java:104)
	at java.base/jdk.internal.reflect.ReflectionFactory.newConstructorAccessor(ReflectionFactory.java:138)
	at java.base/java.lang.reflect.Constructor.acquireConstructorAccessor(Constructor.java:546)
	at java.base/java.lang.reflect.Constructor.newInstanceWithCaller(Constructor.java:496)
	at java.base/java.lang.reflect.Constructor.newInstance(Constructor.java:483)
	at org.springframework.beans.BeanUtils.instantiateClass(BeanUtils.java:197)
	at org.springframework.beans.factory.support.SimpleInstantiationStrategy.instantiate(SimpleInstantiationStrategy.java:87)
	at org.springframework.beans.factory.support.AbstractAutowireCapableBeanFactory.instantiateBean(AbstractAutowireCapableBeanFactory.java:1300)
	at org.springframework.beans.factory.support.AbstractAutowireCapableBeanFactory.createBeanInstance(AbstractAutowireCapableBeanFactory.java:1198)
	at org.springframework.beans.factory.support.AbstractAutowireCapableBeanFactory.doCreateBean(AbstractAutowireCapableBeanFactory.java:561)
	at org.springframework.beans.factory.support.AbstractAutowireCapableBeanFactory.createBean(AbstractAutowireCapableBeanFactory.java:521)
	at org.springframework.beans.factory.support.AbstractBeanFactory.lambda$doGetBean$0(AbstractBeanFactory.java:326)
	at org.springframework.beans.factory.support.DefaultSingletonBeanRegistry.getSingleton(DefaultSingletonBeanRegistry.java:234)
	at org.springframework.beans.factory.support.AbstractBeanFactory.doGetBean(AbstractBeanFactory.java:324)
	at org.springframework.beans.factory.support.AbstractBeanFactory.getBean(AbstractBeanFactory.java:200)
	at org.springframework.beans.factory.support.DefaultListableBeanFactory.preInstantiateSingletons(DefaultListableBeanFactory.java:961)
	at org.springframework.context.support.AbstractApplicationContext.finishBeanFactoryInitialization(AbstractApplicationContext.java:915)
	at org.springframework.context.support.AbstractApplicationContext.refresh(AbstractApplicationContext.java:584)
	at org.springframework.boot.web.servlet.context.ServletWebServerApplicationContext.refresh(ServletWebServerApplicationContext.java:146)
	at org.springframework.boot.SpringApplication.refresh(SpringApplication.java:730)
	at org.springframework.boot.SpringApplication.refreshContext(SpringApplication.java:432)
	at org.springframework.boot.SpringApplication.run(SpringApplication.java:308)
	at org.springframework.boot.SpringApplication.run(SpringApplication.java:1302)
	at org.springframework.boot.SpringApplication.run(SpringApplication.java:1291)
	at com.uniplanner.Main.main(Main.java:13)
Error saving section: [SQLITE_IOERR_DELETE] I/O error within xDelete (disk I/O error)
org.sqlite.SQLiteException: [SQLITE_IOERR_DELETE] I/O error within xDelete (disk I/O error)
	at org.sqlite.core.DB.newSQLException(DB.java:1179)
	at org.sqlite.core.DB.newSQLException(DB.java:1190)
	at org.sqlite.core.DB.throwex(DB.java:1150)
	at org.sqlite.core.NativeDB.prepare_utf8(Native Method)
	at org.sqlite.core.NativeDB.prepare(NativeDB.java:126)
	at org.sqlite.core.DB.prepare(DB.java:264)
	at org.sqlite.core.CorePreparedStatement.<init>(CorePreparedStatement.java:46)
	at org.sqlite.jdbc3.JDBC3PreparedStatement.<init>(JDBC3PreparedStatement.java:31)
	at org.sqlite.jdbc4.JDBC4PreparedStatement.<init>(JDBC4PreparedStatement.java:25)
	at org.sqlite.jdbc4.JDBC4Connection.prepareStatement(JDBC4Connection.java:34)
	at org.sqlite.jdbc3.JDBC3Connection.prepareStatement(JDBC3Connection.java:226)
	at org.sqlite.jdbc3.JDBC3Connection.prepareStatement(JDBC3Connection.java:206)
	at com.uniplanner.persistence.DatabaseManager.saveSection(DatabaseManager.java:392)
	at com.uniplanner.UniPlannerController.addSection(UniPlannerController.java:98)
	at com.uniplanner.UniPlannerController.loadSampleData(UniPlannerController.java:287)
	at com.uniplanner.api.ApiController.<clinit>(ApiController.java:45)
	at java.base/jdk.internal.misc.Unsafe.ensureClassInitialized0(Native Method)
	at java.base/jdk.internal.misc.Unsafe.ensureClassInitialized(Unsafe.java:1169)
	at java.base/jdk.internal.reflect.MethodHandleAccessorFactory.ensureClassInitialized(MethodHandleAccessorFactory.java:341)
	at java.base/jdk.internal.reflect.MethodHandleAccessorFactory.newConstructorAccessor(MethodHandleAccessorFactory.java:104)
	at java.base/jdk.internal.reflect.ReflectionFactory.newConstructorAccessor(ReflectionFactory.java:138)
	at java.base/java.lang.reflect.Constructor.acquireConstructorAccessor(Constructor.java:546)
	at java.base/java.lang.reflect.Constructor.newInstanceWithCaller(Constructor.java:496)
	at java.base/java.lang.reflect.Constructor.newInstance(Constructor.java:483)
	at org.springframework.beans.BeanUtils.instantiateClass(BeanUtils.java:197)
	at org.springframework.beans.factory.support.SimpleInstantiationStrategy.instantiate(SimpleInstantiationStrategy.java:87)
	at org.springframework.beans.factory.support.AbstractAutowireCapableBeanFactory.instantiateBean(AbstractAutowireCapableBeanFactory.java:1300)
	at org.springframework.beans.factory.support.AbstractAutowireCapableBeanFactory.createBeanInstance(AbstractAutowireCapableBeanFactory.java:1198)
	at org.springframework.beans.factory.support.AbstractAutowireCapableBeanFactory.doCreateBean(AbstractAutowireCapableBeanFactory.java:561)
	at org.springframework.beans.factory.support.AbstractAutowireCapableBeanFactory.createBean(AbstractAutowireCapableBeanFactory.java:521)
	at org.springframework.beans.factory.support.AbstractBeanFactory.lambda$doGetBean$0(AbstractBeanFactory.java:326)
	at org.springframework.beans.factory.support.DefaultSingletonBeanRegistry.getSingleton(DefaultSingletonBeanRegistry.java:234)
	at org.springframework.beans.factory.support.AbstractBeanFactory.doGetBean(AbstractBeanFactory.java:324)
	at org.springframework.beans.factory.support.AbstractBeanFactory.getBean(AbstractBeanFactory.java:200)
	at org.springframework.beans.factory.support.DefaultListableBeanFactory.preInstantiateSingletons(DefaultListableBeanFactory.java:961)
	at org.springframework.context.support.AbstractApplicationContext.finishBeanFactoryInitialization(AbstractApplicationContext.java:915)
	at org.springframework.context.support.AbstractApplicationContext.refresh(AbstractApplicationContext.java:584)
	at org.springframework.boot.web.servlet.context.ServletWebServerApplicationContext.refresh(ServletWebServerApplicationContext.java:146)
	at org.springframework.boot.SpringApplication.refresh(SpringApplication.java:730)
	at org.springframework.boot.SpringApplication.refreshContext(SpringApplication.java:432)
	at org.springframework.boot.SpringApplication.run(SpringApplication.java:308)
	at org.springframework.boot.SpringApplication.run(SpringApplication.java:1302)
	at org.springframework.boot.SpringApplication.run(SpringApplication.java:1291)
	at com.uniplanner.Main.main(Main.java:13)
Error saving section: [SQLITE_IOERR_DELETE] I/O error within xDelete (disk I/O error)
org.sqlite.SQLiteException: [SQLITE_IOERR_DELETE] I/O error within xDelete (disk I/O error)
	at org.sqlite.core.DB.newSQLException(DB.java:1179)
	at org.sqlite.core.DB.newSQLException(DB.java:1190)
	at org.sqlite.core.DB.throwex(DB.java:1150)
	at org.sqlite.core.NativeDB.prepare_utf8(Native Method)
	at org.sqlite.core.NativeDB.prepare(NativeDB.java:126)
	at org.sqlite.core.DB.prepare(DB.java:264)
	at org.sqlite.core.CorePreparedStatement.<init>(CorePreparedStatement.java:46)
	at org.sqlite.jdbc3.JDBC3PreparedStatement.<init>(JDBC3PreparedStatement.java:31)
	at org.sqlite.jdbc4.JDBC4PreparedStatement.<init>(JDBC4PreparedStatement.java:25)
	at org.sqlite.jdbc4.JDBC4Connection.prepareStatement(JDBC4Connection.java:34)
	at org.sqlite.jdbc3.JDBC3Connection.prepareStatement(JDBC3Connection.java:226)
	at org.sqlite.jdbc3.JDBC3Connection.prepareStatement(JDBC3Connection.java:206)
	at com.uniplanner.persistence.DatabaseManager.saveSection(DatabaseManager.java:392)
	at com.uniplanner.UniPlannerController.addSection(UniPlannerController.java:98)
	at com.uniplanner.UniPlannerController.loadSampleData(UniPlannerController.java:288)
	at com.uniplanner.api.ApiController.<clinit>(ApiController.java:45)
	at java.base/jdk.internal.misc.Unsafe.ensureClassInitialized0(Native Method)
	at java.base/jdk.internal.misc.Unsafe.ensureClassInitialized(Unsafe.java:1169)
	at java.base/jdk.internal.reflect.MethodHandleAccessorFactory.ensureClassInitialized(MethodHandleAccessorFactory.java:341)
	at java.base/jdk.internal.reflect.MethodHandleAccessorFactory.newConstructorAccessor(MethodHandleAccessorFactory.java:104)
	at java.base/jdk.internal.reflect.ReflectionFactory.newConstructorAccessor(ReflectionFactory.java:138)
	at java.base/java.lang.reflect.Constructor.acquireConstructorAccessor(Constructor.java:546)
	at java.base/java.lang.reflect.Constructor.newInstanceWithCaller(Constructor.java:496)
	at java.base/java.lang.reflect.Constructor.newInstance(Constructor.java:483)
	at org.springframework.beans.BeanUtils.instantiateClass(BeanUtils.java:197)
	at org.springframework.beans.factory.support.SimpleInstantiationStrategy.instantiate(SimpleInstantiationStrategy.java:87)
	at org.springframework.beans.factory.support.AbstractAutowireCapableBeanFactory.instantiateBean(AbstractAutowireCapableBeanFactory.java:1300)
	at org.springframework.beans.factory.support.AbstractAutowireCapableBeanFactory.createBeanInstance(AbstractAutowireCapableBeanFactory.java:1198)
	at org.springframework.beans.factory.support.AbstractAutowireCapableBeanFactory.doCreateBean(AbstractAutowireCapableBeanFactory.java:561)
	at org.springframework.beans.factory.support.AbstractAutowireCapableBeanFactory.createBean(AbstractAutowireCapableBeanFactory.java:521)
	at org.springframework.beans.factory.support.AbstractBeanFactory.lambda$doGetBean$0(AbstractBeanFactory.java:326)
	at org.springframework.beans.factory.support.DefaultSingletonBeanRegistry.getSingleton(DefaultSingletonBeanRegistry.java:234)
	at org.springframework.beans.factory.support.AbstractBeanFactory.doGetBean(AbstractBeanFactory.java:324)
	at org.springframework.beans.factory.support.AbstractBeanFactory.getBean(AbstractBeanFactory.java:200)
	at org.springframework.beans.factory.support.DefaultListableBeanFactory.preInstantiateSingletons(DefaultListableBeanFactory.java:961)
	at org.springframework.context.support.AbstractApplicationContext.finishBeanFactoryInitialization(AbstractApplicationContext.java:915)
	at org.springframework.context.support.AbstractApplicationContext.refresh(AbstractApplicationContext.java:584)
	at org.springframework.boot.web.servlet.context.ServletWebServerApplicationContext.refresh(ServletWebServerApplicationContext.java:146)
	at org.springframework.boot.SpringApplication.refresh(SpringApplication.java:730)
	at org.springframework.boot.SpringApplication.refreshContext(SpringApplication.java:432)
	at org.springframework.boot.SpringApplication.run(SpringApplication.java:308)
	at org.springframework.boot.SpringApplication.run(SpringApplication.java:1302)
	at org.springframework.boot.SpringApplication.run(SpringApplication.java:1291)
	at com.uniplanner.Main.main(Main.java:13)
Error saving space: [SQLITE_IOERR_DELETE] I/O error within xDelete (disk I/O error)
org.sqlite.SQLiteException: [SQLITE_IOERR_DELETE] I/O error within xDelete (disk I/O error)
	at org.sqlite.core.DB.newSQLException(DB.java:1179)
	at org.sqlite.core.DB.newSQLException(DB.java:1190)
	at org.sqlite.core.DB.throwex(DB.java:1150)
	at org.sqlite.core.NativeDB.prepare_utf8(Native Method)
	at org.sqlite.core.NativeDB.prepare(NativeDB.java:126)
	at org.sqlite.core.DB.prepare(DB.java:264)
	at org.sqlite.core.CorePreparedStatement.<init>(CorePreparedStatement.java:46)
	at org.sqlite.jdbc3.JDBC3PreparedStatement.<init>(JDBC3PreparedStatement.java:31)
	at org.sqlite.jdbc4.JDBC4PreparedStatement.<init>(JDBC4PreparedStatement.java:25)
	at org.sqlite.jdbc4.JDBC4Connection.prepareStatement(JDBC4Connection.java:34)
	at org.sqlite.jdbc3.JDBC3Connection.prepareStatement(JDBC3Connection.java:226)
	at org.sqlite.jdbc3.JDBC3Connection.prepareStatement(JDBC3Connection.java:206)
	at com.uniplanner.persistence.DatabaseManager.saveSpace(DatabaseManager.java:495)
	at com.uniplanner.UniPlannerController.addSpace(UniPlannerController.java:107)
	at com.uniplanner.UniPlannerController.loadSampleData(UniPlannerController.java:294)
	at com.uniplanner.api.ApiController.<clinit>(ApiController.java:45)
	at java.base/jdk.internal.misc.Unsafe.ensureClassInitialized0(Native Method)
	at java.base/jdk.internal.misc.Unsafe.ensureClassInitialized(Unsafe.java:1169)
	at java.base/jdk.internal.reflect.MethodHandleAccessorFactory.ensureClassInitialized(MethodHandleAccessorFactory.java:341)
	at java.base/jdk.internal.reflect.MethodHandleAccessorFactory.newConstructorAccessor(MethodHandleAccessorFactory.java:104)
	at java.base/jdk.internal.reflect.ReflectionFactory.newConstructorAccessor(ReflectionFactory.java:138)
	at java.base/java.lang.reflect.Constructor.acquireConstructorAccessor(Constructor.java:546)
	at java.base/java.lang.reflect.Constructor.newInstanceWithCaller(Constructor.java:496)
	at java.base/java.lang.reflect.Constructor.newInstance(Constructor.java:483)
	at org.springframework.beans.BeanUtils.instantiateClass(BeanUtils.java:197)
	at org.springframework.beans.factory.support.SimpleInstantiationStrategy.instantiate(SimpleInstantiationStrategy.java:87)
	at org.springframework.beans.factory.support.AbstractAutowireCapableBeanFactory.instantiateBean(AbstractAutowireCapableBeanFactory.java:1300)
	at org.springframework.beans.factory.support.AbstractAutowireCapableBeanFactory.createBeanInstance(AbstractAutowireCapableBeanFactory.java:1198)
	at org.springframework.beans.factory.support.AbstractAutowireCapableBeanFactory.doCreateBean(AbstractAutowireCapableBeanFactory.java:561)
	at org.springframework.beans.factory.support.AbstractAutowireCapableBeanFactory.createBean(AbstractAutowireCapableBeanFactory.java:521)
	at org.springframework.beans.factory.support.AbstractBeanFactory.lambda$doGetBean$0(AbstractBeanFactory.java:326)
	at org.springframework.beans.factory.support.DefaultSingletonBeanRegistry.getSingleton(DefaultSingletonBeanRegistry.java:234)
	at org.springframework.beans.factory.support.AbstractBeanFactory.doGetBean(AbstractBeanFactory.java:324)
	at org.springframework.beans.factory.support.AbstractBeanFactory.getBean(AbstractBeanFactory.java:200)
	at org.springframework.beans.factory.support.DefaultListableBeanFactory.preInstantiateSingletons(DefaultListableBeanFactory.java:961)
	at org.springframework.context.support.AbstractApplicationContext.finishBeanFactoryInitialization(AbstractApplicationContext.java:915)
	at org.springframework.context.support.AbstractApplicationContext.refresh(AbstractApplicationContext.java:584)
	at org.springframework.boot.web.servlet.context.ServletWebServerApplicationContext.refresh(ServletWebServerApplicationContext.java:146)
	at org.springframework.boot.SpringApplication.refresh(SpringApplication.java:730)
	at org.springframework.boot.SpringApplication.refreshContext(SpringApplication.java:432)
	at org.springframework.boot.SpringApplication.run(SpringApplication.java:308)
	at org.springframework.boot.SpringApplication.run(SpringApplication.java:1302)
	at org.springframework.boot.SpringApplication.run(SpringApplication.java:1291)
	at com.uniplanner.Main.main(Main.java:13)
Error saving space: [SQLITE_IOERR_DELETE] I/O error within xDelete (disk I/O error)
org.sqlite.SQLiteException: [SQLITE_IOERR_DELETE] I/O error within xDelete (disk I/O error)
	at org.sqlite.core.DB.newSQLException(DB.java:1179)
	at org.sqlite.core.DB.newSQLException(DB.java:1190)
	at org.sqlite.core.DB.throwex(DB.java:1150)
	at org.sqlite.core.NativeDB.prepare_utf8(Native Method)
	at org.sqlite.core.NativeDB.prepare(NativeDB.java:126)
	at org.sqlite.core.DB.prepare(DB.java:264)
	at org.sqlite.core.CorePreparedStatement.<init>(CorePreparedStatement.java:46)
	at org.sqlite.jdbc3.JDBC3PreparedStatement.<init>(JDBC3PreparedStatement.java:31)
	at org.sqlite.jdbc4.JDBC4PreparedStatement.<init>(JDBC4PreparedStatement.java:25)
	at org.sqlite.jdbc4.JDBC4Connection.prepareStatement(JDBC4Connection.java:34)
	at org.sqlite.jdbc3.JDBC3Connection.prepareStatement(JDBC3Connection.java:226)
	at org.sqlite.jdbc3.JDBC3Connection.prepareStatement(JDBC3Connection.java:206)
	at com.uniplanner.persistence.DatabaseManager.saveSpace(DatabaseManager.java:495)
	at com.uniplanner.UniPlannerController.addSpace(UniPlannerController.java:107)
	at com.uniplanner.UniPlannerController.loadSampleData(UniPlannerController.java:295)
	at com.uniplanner.api.ApiController.<clinit>(ApiController.java:45)
	at java.base/jdk.internal.misc.Unsafe.ensureClassInitialized0(Native Method)
	at java.base/jdk.internal.misc.Unsafe.ensureClassInitialized(Unsafe.java:1169)
	at java.base/jdk.internal.reflect.MethodHandleAccessorFactory.ensureClassInitialized(MethodHandleAccessorFactory.java:341)
	at java.base/jdk.internal.reflect.MethodHandleAccessorFactory.newConstructorAccessor(MethodHandleAccessorFactory.java:104)
	at java.base/jdk.internal.reflect.ReflectionFactory.newConstructorAccessor(ReflectionFactory.java:138)
	at java.base/java.lang.reflect.Constructor.acquireConstructorAccessor(Constructor.java:546)
	at java.base/java.lang.reflect.Constructor.newInstanceWithCaller(Constructor.java:496)
	at java.base/java.lang.reflect.Constructor.newInstance(Constructor.java:483)
	at org.springframework.beans.BeanUtils.instantiateClass(BeanUtils.java:197)
	at org.springframework.beans.factory.support.SimpleInstantiationStrategy.instantiate(SimpleInstantiationStrategy.java:87)
	at org.springframework.beans.factory.support.AbstractAutowireCapableBeanFactory.instantiateBean(AbstractAutowireCapableBeanFactory.java:1300)
	at org.springframework.beans.factory.support.AbstractAutowireCapableBeanFactory.createBeanInstance(AbstractAutowireCapableBeanFactory.java:1198)
	at org.springframework.beans.factory.support.AbstractAutowireCapableBeanFactory.doCreateBean(AbstractAutowireCapableBeanFactory.java:561)
	at org.springframework.beans.factory.support.AbstractAutowireCapableBeanFactory.createBean(AbstractAutowireCapableBeanFactory.java:521)
	at org.springframework.beans.factory.support.AbstractBeanFactory.lambda$doGetBean$0(AbstractBeanFactory.java:326)
	at org.springframework.beans.factory.support.DefaultSingletonBeanRegistry.getSingleton(DefaultSingletonBeanRegistry.java:234)
	at org.springframework.beans.factory.support.AbstractBeanFactory.doGetBean(AbstractBeanFactory.java:324)
	at org.springframework.beans.factory.support.AbstractBeanFactory.getBean(AbstractBeanFactory.java:200)
	at org.springframework.beans.factory.support.DefaultListableBeanFactory.preInstantiateSingletons(DefaultListableBeanFactory.java:961)
	at org.springframework.context.support.AbstractApplicationContext.finishBeanFactoryInitialization(AbstractApplicationContext.java:915)
	at org.springframework.context.support.AbstractApplicationContext.refresh(AbstractApplicationContext.java:584)
	at org.springframework.boot.web.servlet.context.ServletWebServerApplicationContext.refresh(ServletWebServerApplicationContext.java:146)
	at org.springframework.boot.SpringApplication.refresh(SpringApplication.java:730)
	at org.springframework.boot.SpringApplication.refreshContext(SpringApplication.java:432)
	at org.springframework.boot.SpringApplication.run(SpringApplication.java:308)
	at org.springframework.boot.SpringApplication.run(SpringApplication.java:1302)
	at org.springframework.boot.SpringApplication.run(SpringApplication.java:1291)
	at com.uniplanner.Main.main(Main.java:13)
